ID,START_INTERVAL,END_INTERVAL,DEVICE_ID,AVG_SPEED,MAX_SPEED,MIN_SPEED,VEHICLES_COUNT,AVG_LENGTH,MAX_LENGTH,MIN_LENGTH,monthno,HEAVY_VEHICLE_PERC
1,2025-01-01 00:00:00,2025-01-31 23:59:59,17,85.276,122.000,29.000,3350,\N,\N,\N,\N,12.54
2,2024-06-01 00:00:00,2024-06-30 23:59:59,35,99.759,222.000,2.000,586475,\N,\N,\N,\N,18.38
3,2024-11-01 00:00:00,2024-11-30 23:59:59,25,90.381,219.000,9.000,168685,\N,\N,\N,\N,29.48
4,2024-07-01 00:00:00,2024-07-31 23:59:59,31,92.879,243.000,2.000,232437,\N,\N,\N,\N,30.93
5,2024-12-01 00:00:00,2024-12-31 23:59:59,21,94.478,255.000,20.000,16213,\N,\N,\N,\N,38.85
6,2024-05-01 00:00:00,2024-05-31 23:59:59,20,86.150,193.000,2.000,213622,\N,\N,\N,\N,44.36
7,2025-01-01 00:00:00,2025-01-31 23:59:59,29,94.412,113.000,33.000,5461,\N,\N,\N,\N,17.38
8,2024-07-01 00:00:00,2024-07-31 23:59:59,43,84.298,231.000,1.000,533246,\N,\N,\N,\N,22.16
9,2024-06-01 00:00:00,2024-06-30 23:59:59,47,94.368,255.000,1.000,222308,\N,\N,\N,\N,25.18
10,2024-09-01 00:00:00,2024-09-30 23:59:59,2058,91.469,255.000,11.000,22885,\N,\N,\N,\N,28.81
11,2024-01-01 00:00:00,2024-01-31 23:59:59,2056,90.495,255.000,1.000,80197,\N,\N,\N,\N,36.48
12,2024-06-01 00:00:00,2024-06-30 23:59:59,16,93.516,255.000,1.000,181861,\N,\N,\N,\N,22.54
13,2024-10-01 00:00:00,2024-10-31 23:59:59,2054,76.984,255.000,1.000,285557,\N,\N,\N,\N,24.18
14,2024-03-01 00:00:00,2024-03-31 23:59:59,49,84.991,188.000,2.000,67378,\N,\N,\N,\N,39.51
15,2024-03-01 00:00:00,2024-03-31 23:59:59,2053,95.295,255.000,9.000,604696,\N,\N,\N,\N,18.84
16,2024-06-01 00:00:00,2024-06-30 23:59:59,42,91.376,254.000,1.000,306242,\N,\N,\N,\N,26.10
17,2024-09-01 00:00:00,2024-09-30 23:59:59,35,100.037,182.000,3.000,620478,\N,\N,\N,\N,19.25
18,2024-10-01 00:00:00,2024-10-31 23:59:59,17,85.923,225.000,1.000,86406,\N,\N,\N,\N,25.06
19,2024-04-01 00:00:00,2024-04-30 23:59:59,31,93.114,144.000,15.000,179908,\N,\N,\N,\N,33.91
20,2024-09-01 00:00:00,2024-09-30 23:59:59,47,94.355,255.000,16.000,107332,\N,\N,\N,\N,29.29
21,2024-07-01 00:00:00,2024-07-31 23:59:59,24,79.878,255.000,1.000,296533,\N,\N,\N,\N,33.52
22,2024-02-01 00:00:00,2024-02-29 23:59:59,2052,96.668,218.000,14.000,1006604,\N,\N,\N,\N,9.63
23,2024-12-01 00:00:00,2024-12-31 23:59:59,28,89.459,170.000,4.000,154100,\N,\N,\N,\N,60.10
24,2024-06-01 00:00:00,2024-06-30 23:59:59,23,93.948,255.000,8.000,30573,\N,\N,\N,\N,28.93
25,2024-03-01 00:00:00,2024-03-31 23:59:59,30,89.542,173.000,5.000,111704,\N,\N,\N,\N,25.79
26,2024-12-01 00:00:00,2024-12-31 23:59:59,40,88.662,255.000,24.000,108554,\N,\N,\N,\N,22.71
27,2024-09-01 00:00:00,2024-09-30 23:59:59,16,93.149,255.000,10.000,118827,\N,\N,\N,\N,26.29
28,2024-03-01 00:00:00,2024-03-31 23:59:59,42,91.581,255.000,7.000,231432,\N,\N,\N,\N,31.23
29,2024-01-01 00:00:00,2024-01-31 23:59:59,19,79.673,255.000,5.000,59649,\N,\N,\N,\N,40.64
30,2024-09-01 00:00:00,2024-09-30 23:59:59,28,90.239,243.000,1.000,174787,\N,\N,\N,\N,63.81
31,2024-10-01 00:00:00,2024-10-31 23:59:59,24,80.718,180.000,1.000,219713,\N,\N,\N,\N,37.31
32,2024-12-01 00:00:00,2024-12-31 23:59:59,47,93.051,255.000,19.000,98707,\N,\N,\N,\N,27.79
33,2024-04-01 00:00:00,2024-04-30 23:59:59,38,96.764,252.000,1.000,568078,\N,\N,\N,\N,14.44
34,2024-06-01 00:00:00,2024-06-30 23:59:59,2053,98.965,186.000,13.000,636667,\N,\N,\N,\N,18.67
35,2024-11-01 00:00:00,2024-11-30 23:59:59,2055,77.709,255.000,1.000,179742,\N,\N,\N,\N,29.36
36,2024-10-01 00:00:00,2024-10-31 23:59:59,36,88.951,181.000,2.000,459892,\N,\N,\N,\N,19.34
37,2024-09-01 00:00:00,2024-09-30 23:59:59,40,89.928,191.000,9.000,108528,\N,\N,\N,\N,26.50
38,2024-03-01 00:00:00,2024-03-31 23:59:59,23,94.004,180.000,1.000,51385,\N,\N,\N,\N,32.95
39,2024-01-01 00:00:00,2024-01-31 23:59:59,38,91.625,180.000,2.000,487611,\N,\N,\N,\N,12.74
40,2024-11-01 00:00:00,2024-11-30 23:59:59,32,80.131,255.000,2.000,337580,\N,\N,\N,\N,28.20
41,2024-05-01 00:00:00,2024-05-31 23:59:59,46,69.097,254.000,1.000,19596,\N,\N,\N,\N,36.68
42,2024-04-01 00:00:00,2024-04-30 23:59:59,19,84.331,255.000,14.000,67130,\N,\N,\N,\N,39.56
43,2024-06-01 00:00:00,2024-06-30 23:59:59,28,90.417,249.000,1.000,196094,\N,\N,\N,\N,57.53
44,2024-11-01 00:00:00,2024-11-30 23:59:59,44,87.953,255.000,1.000,375081,\N,\N,\N,\N,34.45
45,2024-01-01 00:00:00,2024-01-31 23:59:59,26,87.535,183.000,2.000,75979,\N,\N,\N,\N,20.30
46,2024-03-01 00:00:00,2024-03-31 23:59:59,35,98.344,209.000,3.000,596759,\N,\N,\N,\N,17.71
47,2024-12-01 00:00:00,2024-12-31 23:59:59,2058,86.251,255.000,12.000,21726,\N,\N,\N,\N,24.01
48,2025-01-01 00:00:00,2025-01-31 23:59:59,2059,91.173,148.000,44.000,6742,\N,\N,\N,\N,15.96
49,2024-09-01 00:00:00,2024-09-30 23:59:59,21,97.326,255.000,3.000,49159,\N,\N,\N,\N,34.33
50,2024-07-01 00:00:00,2024-07-31 23:59:59,2054,78.435,255.000,1.000,201653,\N,\N,\N,\N,21.32
51,2024-08-01 00:00:00,2024-08-31 23:59:59,32,79.542,255.000,1.000,506268,\N,\N,\N,\N,22.83
52,2024-01-01 00:00:00,2024-01-31 23:59:59,45,60.556,128.000,2.000,241010,\N,\N,\N,\N,17.09
53,2024-02-01 00:00:00,2024-02-29 23:59:59,46,71.841,236.000,1.000,14508,\N,\N,\N,\N,50.68
54,2024-03-01 00:00:00,2024-03-31 23:59:59,16,94.433,255.000,1.000,108235,\N,\N,\N,\N,24.33
55,2025-01-01 00:00:00,2025-01-31 23:59:59,36,88.208,124.000,21.000,16542,\N,\N,\N,\N,13.08
56,2024-10-01 00:00:00,2024-10-31 23:59:59,43,85.627,255.000,2.000,496696,\N,\N,\N,\N,25.04
57,2024-11-01 00:00:00,2024-11-30 23:59:59,34,71.052,247.000,1.000,326552,\N,\N,\N,\N,34.75
58,2024-03-01 00:00:00,2024-03-31 23:59:59,25,90.481,229.000,16.000,169927,\N,\N,\N,\N,27.51
59,2024-01-01 00:00:00,2024-01-31 23:59:59,33,96.184,255.000,1.000,396606,\N,\N,\N,\N,13.14
60,2024-04-01 00:00:00,2024-04-30 23:59:59,2056,94.051,255.000,1.000,87359,\N,\N,\N,\N,35.54
61,2024-05-01 00:00:00,2024-05-31 23:59:59,2052,106.421,255.000,2.000,1494868,\N,\N,\N,\N,9.89
62,2024-01-01 00:00:00,2024-01-31 23:59:59,1049,82.892,255.000,9.000,9280,\N,\N,\N,\N,49.45
63,2024-02-01 00:00:00,2024-02-29 23:59:59,41,85.229,209.000,7.000,54398,\N,\N,\N,\N,40.92
64,2024-10-01 00:00:00,2024-10-31 23:59:59,38,96.832,247.000,1.000,550456,\N,\N,\N,\N,15.57
65,2024-11-01 00:00:00,2024-11-30 23:59:59,46,72.510,206.000,1.000,23814,\N,\N,\N,\N,43.24
66,2024-09-01 00:00:00,2024-09-30 23:59:59,23,92.750,255.000,4.000,28577,\N,\N,\N,\N,32.03
67,2024-10-01 00:00:00,2024-10-31 23:59:59,19,84.341,246.000,2.000,79078,\N,\N,\N,\N,36.66
68,2024-01-01 00:00:00,2024-01-31 23:59:59,21,93.098,157.000,6.000,7807,\N,\N,\N,\N,38.43
69,2024-12-01 00:00:00,2024-12-31 23:59:59,42,90.981,221.000,18.000,102502,\N,\N,\N,\N,29.24
70,2024-04-01 00:00:00,2024-04-30 23:59:59,33,100.481,246.000,10.000,482785,\N,\N,\N,\N,15.85
71,2024-05-01 00:00:00,2024-05-31 23:59:59,29,97.227,212.000,3.000,153509,\N,\N,\N,\N,32.08
72,2024-07-01 00:00:00,2024-07-31 23:59:59,2056,91.501,255.000,1.000,146760,\N,\N,\N,\N,30.07
73,2024-03-01 00:00:00,2024-03-31 23:59:59,18,94.228,147.000,3.000,53110,\N,\N,\N,\N,28.91
74,2024-05-01 00:00:00,2024-05-31 23:59:59,41,88.057,141.000,5.000,73921,\N,\N,\N,\N,35.08
75,2024-08-01 00:00:00,2024-08-31 23:59:59,34,71.107,250.000,1.000,427157,\N,\N,\N,\N,31.53
76,2024-10-01 00:00:00,2024-10-31 23:59:59,45,64.468,154.000,1.000,281547,\N,\N,\N,\N,18.02
77,2025-01-01 00:00:00,2025-01-31 23:59:59,38,92.658,119.000,26.000,21806,\N,\N,\N,\N,9.37
78,2024-10-01 00:00:00,2024-10-31 23:59:59,26,93.329,209.000,9.000,95078,\N,\N,\N,\N,19.64
79,2024-02-01 00:00:00,2024-02-29 23:59:59,17,85.615,230.000,6.000,63416,\N,\N,\N,\N,24.13
80,2025-01-01 00:00:00,2025-01-31 23:59:59,19,83.883,98.000,15.000,2288,\N,\N,\N,\N,21.81
81,2024-12-01 00:00:00,2024-12-31 23:59:59,2053,92.923,255.000,15.000,568883,\N,\N,\N,\N,17.85
82,2024-02-01 00:00:00,2024-02-29 23:59:59,29,95.018,145.000,1.000,116298,\N,\N,\N,\N,33.60
83,2025-01-01 00:00:00,2025-01-31 23:59:59,2054,75.606,255.000,1.000,4806,\N,\N,\N,\N,20.47
84,2024-08-01 00:00:00,2024-08-31 23:59:59,46,86.662,255.000,1.000,21003,\N,\N,\N,\N,41.15
85,2024-06-01 00:00:00,2024-06-30 23:59:59,18,93.596,236.000,2.000,77173,\N,\N,\N,\N,22.83
86,2024-05-01 00:00:00,2024-05-31 23:59:59,22,86.611,255.000,1.000,116446,\N,\N,\N,\N,23.09
87,2024-07-01 00:00:00,2024-07-31 23:59:59,45,65.373,156.000,1.000,201424,\N,\N,\N,\N,17.74
88,2024-02-01 00:00:00,2024-02-29 23:59:59,2059,92.671,255.000,21.000,141176,\N,\N,\N,\N,26.95
89,2024-05-01 00:00:00,2024-05-31 23:59:59,1050,81.331,157.000,2.000,143414,\N,\N,\N,\N,57.51
90,2024-10-01 00:00:00,2024-10-31 23:59:59,2056,92.922,255.000,1.000,93296,\N,\N,\N,\N,37.42
91,2024-12-01 00:00:00,2024-12-31 23:59:59,35,96.878,226.000,4.000,571150,\N,\N,\N,\N,16.76
92,2025-01-01 00:00:00,2025-01-31 23:59:59,31,89.152,116.000,27.000,7059,\N,\N,\N,\N,27.79
93,2024-03-01 00:00:00,2024-03-31 23:59:59,2055,85.325,255.000,8.000,149531,\N,\N,\N,\N,27.36
94,2024-08-01 00:00:00,2024-08-31 23:59:59,41,88.246,239.000,3.000,83873,\N,\N,\N,\N,33.55
95,2024-12-01 00:00:00,2024-12-31 23:59:59,2060,75.868,199.000,16.000,412506,\N,\N,\N,\N,14.21
96,2024-06-01 00:00:00,2024-06-30 23:59:59,30,88.572,136.000,8.000,270246,\N,\N,\N,\N,24.70
97,2024-08-01 00:00:00,2024-08-31 23:59:59,22,86.051,255.000,6.000,123467,\N,\N,\N,\N,20.91
98,2024-02-01 00:00:00,2024-02-29 23:59:59,36,88.192,205.000,1.000,329301,\N,\N,\N,\N,19.06
99,2024-09-01 00:00:00,2024-09-30 23:59:59,49,85.158,255.000,1.000,73293,\N,\N,\N,\N,41.71
100,2024-07-01 00:00:00,2024-07-31 23:59:59,26,93.536,207.000,5.000,103764,\N,\N,\N,\N,18.53
101,2024-12-01 00:00:00,2024-12-31 23:59:59,16,92.430,255.000,1.000,145586,\N,\N,\N,\N,23.87
102,2025-01-01 00:00:00,2025-01-31 23:59:59,43,85.949,110.000,36.000,15633,\N,\N,\N,\N,14.57
103,2024-10-01 00:00:00,2024-10-31 23:59:59,31,93.067,186.000,3.000,200728,\N,\N,\N,\N,33.81
104,2024-02-01 00:00:00,2024-02-29 23:59:59,22,83.706,255.000,7.000,90805,\N,\N,\N,\N,23.55
105,2025-01-01 00:00:00,2025-01-31 23:59:59,24,82.530,236.000,30.000,9006,\N,\N,\N,\N,22.17
106,2024-07-01 00:00:00,2024-07-31 23:59:59,38,99.910,200.000,1.000,573778,\N,\N,\N,\N,14.58
107,2024-04-01 00:00:00,2024-04-30 23:59:59,45,65.160,238.000,1.000,269948,\N,\N,\N,\N,18.54
108,2024-09-01 00:00:00,2024-09-30 23:59:59,2053,98.337,255.000,10.000,585985,\N,\N,\N,\N,19.63
109,2024-02-01 00:00:00,2024-02-29 23:59:59,1050,79.386,157.000,6.000,106223,\N,\N,\N,\N,61.50
110,2024-05-01 00:00:00,2024-05-31 23:59:59,2059,96.044,255.000,12.000,187845,\N,\N,\N,\N,26.51
111,2024-01-01 00:00:00,2024-01-31 23:59:59,2058,79.384,255.000,9.000,14501,\N,\N,\N,\N,30.67
112,2024-08-01 00:00:00,2024-08-31 23:59:59,2052,106.284,255.000,1.000,1744635,\N,\N,\N,\N,9.06
113,2024-03-01 00:00:00,2024-03-31 23:59:59,44,89.302,255.000,12.000,378421,\N,\N,\N,\N,33.53
114,2024-09-01 00:00:00,2024-09-30 23:59:59,30,89.016,129.000,6.000,125953,\N,\N,\N,\N,27.85
115,2024-04-01 00:00:00,2024-04-30 23:59:59,26,93.161,163.000,12.000,89303,\N,\N,\N,\N,20.15
116,2024-09-01 00:00:00,2024-09-30 23:59:59,42,92.003,214.000,5.000,135794,\N,\N,\N,\N,29.70
117,2024-06-01 00:00:00,2024-06-30 23:59:59,49,85.680,191.000,8.000,83385,\N,\N,\N,\N,33.97
118,2024-07-01 00:00:00,2024-07-31 23:59:59,19,84.228,151.000,3.000,85857,\N,\N,\N,\N,35.50
119,2024-12-01 00:00:00,2024-12-31 23:59:59,23,91.261,255.000,1.000,5062,\N,\N,\N,\N,41.27
120,2024-08-01 00:00:00,2024-08-31 23:59:59,2059,95.147,255.000,9.000,232984,\N,\N,\N,\N,23.72
121,2024-07-01 00:00:00,2024-07-31 23:59:59,28,89.550,236.000,3.000,206670,\N,\N,\N,\N,52.90
122,2024-06-01 00:00:00,2024-06-30 23:59:59,32,79.760,201.000,2.000,609835,\N,\N,\N,\N,23.32
123,2024-04-01 00:00:00,2024-04-30 23:59:59,21,95.876,255.000,3.000,46251,\N,\N,\N,\N,38.87
124,2024-06-01 00:00:00,2024-06-30 23:59:59,44,89.380,224.000,6.000,302331,\N,\N,\N,\N,33.07
125,2024-09-01 00:00:00,2024-09-30 23:59:59,2055,91.332,141.000,7.000,175549,\N,\N,\N,\N,28.04
126,2025-01-01 00:00:00,2025-01-31 23:59:59,45,64.101,104.000,22.000,9330,\N,\N,\N,\N,13.95
127,2024-11-01 00:00:00,2024-11-30 23:59:59,1050,80.030,180.000,7.000,103403,\N,\N,\N,\N,59.52
128,2024-12-01 00:00:00,2024-12-31 23:59:59,18,92.744,208.000,4.000,32688,\N,\N,\N,\N,22.36
129,2024-04-01 00:00:00,2024-04-30 23:59:59,1049,93.630,255.000,1.000,19126,\N,\N,\N,\N,50.22
130,2024-05-01 00:00:00,2024-05-31 23:59:59,17,86.976,206.000,1.000,82817,\N,\N,\N,\N,23.37
131,2024-07-01 00:00:00,2024-07-31 23:59:59,40,89.943,255.000,15.000,112143,\N,\N,\N,\N,23.08
132,2024-09-01 00:00:00,2024-09-30 23:59:59,32,80.260,255.000,3.000,415387,\N,\N,\N,\N,25.43
133,2024-02-01 00:00:00,2024-02-29 23:59:59,2054,76.790,255.000,1.000,212016,\N,\N,\N,\N,24.46
134,2024-01-01 00:00:00,2024-01-31 23:59:59,2053,88.409,199.000,16.000,161046,\N,\N,\N,\N,19.05
135,2025-01-01 00:00:00,2025-01-31 23:59:59,26,90.684,110.000,23.000,3552,\N,\N,\N,\N,13.49
136,2024-08-01 00:00:00,2024-08-31 23:59:59,36,88.062,167.000,2.000,364760,\N,\N,\N,\N,17.68
137,2024-04-01 00:00:00,2024-04-30 23:59:59,28,90.163,254.000,4.000,162051,\N,\N,\N,\N,68.51
138,2024-06-01 00:00:00,2024-06-30 23:59:59,2055,92.247,255.000,15.000,218343,\N,\N,\N,\N,23.52
139,2024-09-01 00:00:00,2024-09-30 23:59:59,44,88.683,227.000,1.000,411949,\N,\N,\N,\N,33.87
140,2024-12-01 00:00:00,2024-12-31 23:59:59,25,89.881,217.000,9.000,136527,\N,\N,\N,\N,29.15
141,2024-07-01 00:00:00,2024-07-31 23:59:59,21,96.466,183.000,7.000,57171,\N,\N,\N,\N,33.29
142,2024-08-01 00:00:00,2024-08-31 23:59:59,1050,80.749,146.000,11.000,188334,\N,\N,\N,\N,44.19
143,2024-11-01 00:00:00,2024-11-30 23:59:59,2059,93.152,196.000,26.000,169306,\N,\N,\N,\N,25.62
144,2024-12-01 00:00:00,2024-12-31 23:59:59,49,84.365,170.000,15.000,70649,\N,\N,\N,\N,33.99
145,2024-07-01 00:00:00,2024-07-31 23:59:59,33,99.962,217.000,3.000,47690,\N,\N,\N,\N,17.35
146,2024-04-01 00:00:00,2024-04-30 23:59:59,40,89.860,201.000,17.000,109128,\N,\N,\N,\N,26.87
147,2024-01-01 00:00:00,2024-01-31 23:59:59,28,85.320,170.000,3.000,138583,\N,\N,\N,\N,69.79
148,2024-07-01 00:00:00,2024-07-31 23:59:59,1049,94.279,255.000,3.000,20627,\N,\N,\N,\N,45.63
149,2024-05-01 00:00:00,2024-05-31 23:59:59,2054,78.363,255.000,1.000,292928,\N,\N,\N,\N,24.81
150,2024-10-01 00:00:00,2024-10-31 23:59:59,21,96.395,255.000,17.000,51638,\N,\N,\N,\N,35.08
151,2024-11-01 00:00:00,2024-11-30 23:59:59,2052,96.421,255.000,14.000,1208641,\N,\N,\N,\N,10.14
152,2024-12-01 00:00:00,2024-12-31 23:59:59,44,87.184,178.000,1.000,187317,\N,\N,\N,\N,36.16
153,2024-09-01 00:00:00,2024-09-30 23:59:59,25,91.040,207.000,17.000,189411,\N,\N,\N,\N,28.23
154,2024-04-01 00:00:00,2024-04-30 23:59:59,35,98.780,181.000,1.000,607565,\N,\N,\N,\N,19.10
155,2024-02-01 00:00:00,2024-02-29 23:59:59,24,81.193,255.000,2.000,203496,\N,\N,\N,\N,39.23
156,2024-11-01 00:00:00,2024-11-30 23:59:59,29,94.566,142.000,1.000,139347,\N,\N,\N,\N,32.69
157,2024-04-01 00:00:00,2024-04-30 23:59:59,47,94.634,255.000,7.000,190342,\N,\N,\N,\N,29.41
158,2024-05-01 00:00:00,2024-05-31 23:59:59,43,85.135,219.000,5.000,509246,\N,\N,\N,\N,23.27
159,2024-07-01 00:00:00,2024-07-31 23:59:59,2058,91.429,255.000,4.000,25102,\N,\N,\N,\N,24.63
160,2024-03-01 00:00:00,2024-03-31 23:59:59,20,87.688,184.000,3.000,178993,\N,\N,\N,\N,45.23
161,2024-04-01 00:00:00,2024-04-30 23:59:59,16,94.497,248.000,10.000,81720,\N,\N,\N,\N,27.08
162,2024-01-01 00:00:00,2024-01-31 23:59:59,35,94.782,251.000,1.000,508090,\N,\N,\N,\N,18.58
163,2024-03-01 00:00:00,2024-03-31 23:59:59,32,80.324,200.000,12.000,452859,\N,\N,\N,\N,26.41
164,2024-11-01 00:00:00,2024-11-30 23:59:59,41,87.543,211.000,1.000,62657,\N,\N,\N,\N,36.76
165,2024-12-01 00:00:00,2024-12-31 23:59:59,2055,84.591,255.000,15.000,140265,\N,\N,\N,\N,28.93
166,2024-01-01 00:00:00,2024-01-31 23:59:59,23,86.145,255.000,5.000,24259,\N,\N,\N,\N,35.36
167,2024-06-01 00:00:00,2024-06-30 23:59:59,25,91.161,242.000,6.000,213211,\N,\N,\N,\N,23.85
168,2024-08-01 00:00:00,2024-08-31 23:59:59,17,86.103,173.000,1.000,109256,\N,\N,\N,\N,21.50
169,2025-01-01 00:00:00,2025-01-31 23:59:59,2056,91.372,133.000,32.000,4097,\N,\N,\N,\N,17.18
170,2024-02-01 00:00:00,2024-02-29 23:59:59,31,90.533,213.000,4.000,154361,\N,\N,\N,\N,34.59
171,2024-05-01 00:00:00,2024-05-31 23:59:59,24,81.985,210.000,1.000,260313,\N,\N,\N,\N,36.68
172,2024-04-01 00:00:00,2024-04-30 23:59:59,2058,90.042,255.000,15.000,20031,\N,\N,\N,\N,28.51
173,2024-07-01 00:00:00,2024-07-31 23:59:59,47,93.508,255.000,2.000,241668,\N,\N,\N,\N,25.54
174,2024-11-01 00:00:00,2024-11-30 23:59:59,22,84.202,208.000,6.000,101048,\N,\N,\N,\N,21.78
175,2024-02-01 00:00:00,2024-02-29 23:59:59,43,84.997,255.000,3.000,350906,\N,\N,\N,\N,22.95
176,2024-05-01 00:00:00,2024-05-31 23:59:59,36,89.468,198.000,3.000,475142,\N,\N,\N,\N,18.77
177,2024-08-01 00:00:00,2024-08-31 23:59:59,29,96.898,175.000,2.000,186430,\N,\N,\N,\N,29.08
178,2024-10-01 00:00:00,2024-10-31 23:59:59,40,89.536,255.000,17.000,126481,\N,\N,\N,\N,26.92
179,2024-03-01 00:00:00,2024-03-31 23:59:59,22,86.878,255.000,11.000,107544,\N,\N,\N,\N,20.87
180,2024-04-01 00:00:00,2024-04-30 23:59:59,2053,96.355,255.000,15.000,578709,\N,\N,\N,\N,20.16
181,2024-11-01 00:00:00,2024-11-30 23:59:59,31,91.474,203.000,4.000,177463,\N,\N,\N,\N,33.44
182,2025-01-01 00:00:00,2025-01-31 23:59:59,2058,87.467,132.000,16.000,817,\N,\N,\N,\N,22.77
183,2024-05-01 00:00:00,2024-05-31 23:59:59,45,65.260,249.000,1.000,292650,\N,\N,\N,\N,18.21
184,2024-10-01 00:00:00,2024-10-31 23:59:59,47,93.933,255.000,2.000,178161,\N,\N,\N,\N,31.66
185,2024-02-01 00:00:00,2024-02-29 23:59:59,38,95.113,178.000,8.000,492818,\N,\N,\N,\N,12.70
186,2024-01-01 00:00:00,2024-01-31 23:59:59,30,86.315,255.000,1.000,163831,\N,\N,\N,\N,27.28
187,2024-08-01 00:00:00,2024-08-31 23:59:59,24,79.566,255.000,1.000,344080,\N,\N,\N,\N,33.68
188,2024-10-01 00:00:00,2024-10-31 23:59:59,35,99.503,187.000,1.000,646328,\N,\N,\N,\N,19.66
189,2024-10-01 00:00:00,2024-10-31 23:59:59,16,93.461,255.000,3.000,164810,\N,\N,\N,\N,25.72
190,2024-04-01 00:00:00,2024-04-30 23:59:59,30,89.264,167.000,9.000,112833,\N,\N,\N,\N,28.93
191,2024-01-01 00:00:00,2024-01-31 23:59:59,18,88.064,147.000,3.000,41246,\N,\N,\N,\N,36.58
192,2024-03-01 00:00:00,2024-03-31 23:59:59,46,69.658,247.000,1.000,16070,\N,\N,\N,\N,42.69
193,2024-11-01 00:00:00,2024-11-30 23:59:59,43,85.118,180.000,2.000,410343,\N,\N,\N,\N,24.52
194,2024-02-01 00:00:00,2024-02-29 23:59:59,19,81.998,255.000,3.000,60567,\N,\N,\N,\N,40.35
195,2024-01-01 00:00:00,2024-01-31 23:59:59,49,80.880,255.000,15.000,47819,\N,\N,\N,\N,46.30
196,2024-11-01 00:00:00,2024-11-30 23:59:59,24,80.417,255.000,1.000,234940,\N,\N,\N,\N,37.53
197,2024-05-01 00:00:00,2024-05-31 23:59:59,38,98.604,241.000,1.000,603559,\N,\N,\N,\N,14.46
198,2024-07-01 00:00:00,2024-07-31 23:59:59,2053,98.336,255.000,3.000,766582,\N,\N,\N,\N,18.23
199,2024-02-01 00:00:00,2024-02-29 23:59:59,45,63.244,159.000,1.000,239065,\N,\N,\N,\N,17.08
200,2025-01-01 00:00:00,2025-01-31 23:59:59,47,91.284,127.000,33.000,7799,\N,\N,\N,\N,15.09
201,2024-08-01 00:00:00,2024-08-31 23:59:59,31,92.855,209.000,4.000,235620,\N,\N,\N,\N,32.12
202,2024-08-01 00:00:00,2024-08-31 23:59:59,43,84.665,219.000,1.000,610608,\N,\N,\N,\N,21.13
203,2024-11-01 00:00:00,2024-11-30 23:59:59,36,88.111,184.000,2.000,402723,\N,\N,\N,\N,19.56
204,2024-06-01 00:00:00,2024-06-30 23:59:59,20,84.953,248.000,1.000,189594,\N,\N,\N,\N,39.93
205,2024-10-01 00:00:00,2024-10-31 23:59:59,2058,90.685,255.000,3.000,24445,\N,\N,\N,\N,28.68
206,2024-02-01 00:00:00,2024-02-29 23:59:59,26,90.720,209.000,4.000,75386,\N,\N,\N,\N,19.93
207,2024-04-01 00:00:00,2024-04-30 23:59:59,49,84.955,255.000,11.000,64123,\N,\N,\N,\N,41.64
208,2024-05-01 00:00:00,2024-05-31 23:59:59,19,84.508,144.000,4.000,76792,\N,\N,\N,\N,38.26
209,2024-08-01 00:00:00,2024-08-31 23:59:59,38,99.856,202.000,1.000,632678,\N,\N,\N,\N,14.41
210,2024-07-01 00:00:00,2024-07-31 23:59:59,42,91.155,230.000,1.000,335910,\N,\N,\N,\N,24.08
211,2024-02-01 00:00:00,2024-02-29 23:59:59,2056,91.495,171.000,1.000,79474,\N,\N,\N,\N,38.61
212,2024-11-01 00:00:00,2024-11-30 23:59:59,17,85.251,229.000,3.000,75119,\N,\N,\N,\N,23.76
213,2024-10-01 00:00:00,2024-10-31 23:59:59,2053,96.153,255.000,13.000,703034,\N,\N,\N,\N,18.79
214,2024-05-01 00:00:00,2024-05-31 23:59:59,31,93.399,198.000,1.000,209338,\N,\N,\N,\N,33.21
215,2024-03-01 00:00:00,2024-03-31 23:59:59,2052,97.775,255.000,9.000,1273007,\N,\N,\N,\N,9.16
216,2025-01-01 00:00:00,2025-01-31 23:59:59,28,89.041,108.000,9.000,6309,\N,\N,\N,\N,38.52
217,2024-08-01 00:00:00,2024-08-31 23:59:59,2054,76.938,226.000,3.000,349635,\N,\N,\N,\N,22.16
218,2024-07-01 00:00:00,2024-07-31 23:59:59,23,92.649,255.000,6.000,36765,\N,\N,\N,\N,27.26
219,2024-08-01 00:00:00,2024-08-31 23:59:59,19,84.250,181.000,2.000,90960,\N,\N,\N,\N,32.56
220,2025-01-01 00:00:00,2025-01-31 23:59:59,40,88.200,182.000,39.000,4568,\N,\N,\N,\N,14.91
221,2024-09-01 00:00:00,2024-09-30 23:59:59,46,71.590,194.000,1.000,20292,\N,\N,\N,\N,42.00
222,2024-04-01 00:00:00,2024-04-30 23:59:59,42,91.818,210.000,5.000,240368,\N,\N,\N,\N,33.85
223,2024-05-01 00:00:00,2024-05-31 23:59:59,2056,94.381,255.000,1.000,112794,\N,\N,\N,\N,34.35
224,2024-07-01 00:00:00,2024-07-31 23:59:59,35,98.620,226.000,2.000,595718,\N,\N,\N,\N,19.39
225,2024-06-01 00:00:00,2024-06-30 23:59:59,34,70.965,211.000,1.000,40417,\N,\N,\N,\N,23.66
226,2024-03-01 00:00:00,2024-03-31 23:59:59,41,87.588,209.000,8.000,63854,\N,\N,\N,\N,35.62
227,2024-10-01 00:00:00,2024-10-31 23:59:59,28,90.672,198.000,2.000,177229,\N,\N,\N,\N,65.49
228,2024-12-01 00:00:00,2024-12-31 23:59:59,32,80.045,161.000,1.000,399135,\N,\N,\N,\N,26.08
229,2024-04-01 00:00:00,2024-04-30 23:59:59,23,93.387,255.000,1.000,27494,\N,\N,\N,\N,36.12
230,2024-07-01 00:00:00,2024-07-31 23:59:59,16,93.329,255.000,1.000,160024,\N,\N,\N,\N,22.13
231,2024-06-01 00:00:00,2024-06-30 23:59:59,46,74.873,244.000,1.000,21095,\N,\N,\N,\N,35.43
232,2024-11-01 00:00:00,2024-11-30 23:59:59,2054,76.501,255.000,1.000,243893,\N,\N,\N,\N,24.12
233,2024-08-01 00:00:00,2024-08-31 23:59:59,2056,92.435,255.000,1.000,104542,\N,\N,\N,\N,31.58
234,2024-04-01 00:00:00,2024-04-30 23:59:59,18,93.975,203.000,1.000,51378,\N,\N,\N,\N,30.97
235,2024-07-01 00:00:00,2024-07-31 23:59:59,25,91.100,210.000,10.000,223860,\N,\N,\N,\N,25.36
236,2024-03-01 00:00:00,2024-03-31 23:59:59,1050,80.688,140.000,10.000,114052,\N,\N,\N,\N,59.04
237,2024-09-01 00:00:00,2024-09-30 23:59:59,2052,106.567,245.000,6.000,1279692,\N,\N,\N,\N,9.90
238,2024-06-01 00:00:00,2024-06-30 23:59:59,41,87.897,173.000,4.000,77290,\N,\N,\N,\N,30.14
239,2024-08-01 00:00:00,2024-08-31 23:59:59,33,93.391,239.000,1.000,274269,\N,\N,\N,\N,12.55
240,2024-02-01 00:00:00,2024-02-29 23:59:59,47,93.250,255.000,24.000,83450,\N,\N,\N,\N,29.16
241,2024-07-01 00:00:00,2024-07-31 23:59:59,49,84.718,255.000,12.000,96701,\N,\N,\N,\N,33.29
242,2024-05-01 00:00:00,2024-05-31 23:59:59,26,93.233,241.000,6.000,101113,\N,\N,\N,\N,19.77
243,2024-12-01 00:00:00,2024-12-31 23:59:59,34,71.065,242.000,1.000,321511,\N,\N,\N,\N,29.82
244,2024-07-01 00:00:00,2024-07-31 23:59:59,18,92.910,237.000,2.000,88737,\N,\N,\N,\N,19.41
245,2024-04-01 00:00:00,2024-04-30 23:59:59,25,90.607,252.000,8.000,169547,\N,\N,\N,\N,30.77
246,2024-03-01 00:00:00,2024-03-31 23:59:59,2059,95.540,252.000,19.000,159513,\N,\N,\N,\N,24.15
247,2024-11-01 00:00:00,2024-11-30 23:59:59,2056,91.044,178.000,1.000,102284,\N,\N,\N,\N,36.23
248,2025-01-01 00:00:00,2025-01-31 23:59:59,35,93.925,126.000,10.000,22380,\N,\N,\N,\N,11.85
249,2024-09-01 00:00:00,2024-09-30 23:59:59,41,88.700,217.000,1.000,72276,\N,\N,\N,\N,37.02
250,2024-06-01 00:00:00,2024-06-30 23:59:59,2052,106.689,255.000,7.000,1453230,\N,\N,\N,\N,9.02
251,2024-12-01 00:00:00,2024-12-31 23:59:59,46,70.177,237.000,1.000,21928,\N,\N,\N,\N,42.68
252,2024-02-01 00:00:00,2024-02-29 23:59:59,2058,85.590,255.000,9.000,14275,\N,\N,\N,\N,28.13
253,2024-07-01 00:00:00,2024-07-31 23:59:59,30,87.238,241.000,1.000,274291,\N,\N,\N,\N,25.98
254,2025-01-01 00:00:00,2025-01-31 23:59:59,2060,73.152,121.000,20.000,17161,\N,\N,\N,\N,10.63
255,2024-09-01 00:00:00,2024-09-30 23:59:59,22,86.739,255.000,15.000,114301,\N,\N,\N,\N,22.03
256,2024-06-01 00:00:00,2024-06-30 23:59:59,29,97.045,155.000,4.000,165019,\N,\N,\N,\N,29.06
257,2024-01-01 00:00:00,2024-01-31 23:59:59,25,87.609,255.000,13.000,141366,\N,\N,\N,\N,31.31
258,2024-03-01 00:00:00,2024-03-31 23:59:59,36,88.885,171.000,1.000,412068,\N,\N,\N,\N,17.55
259,2025-01-01 00:00:00,2025-01-31 23:59:59,16,90.194,124.000,6.000,6593,\N,\N,\N,\N,15.91
260,2024-10-01 00:00:00,2024-10-31 23:59:59,23,93.389,255.000,1.000,23808,\N,\N,\N,\N,34.56
261,2024-04-01 00:00:00,2024-04-30 23:59:59,32,80.226,255.000,8.000,455124,\N,\N,\N,\N,28.36
262,2024-02-01 00:00:00,2024-02-29 23:59:59,21,92.238,255.000,13.000,29569,\N,\N,\N,\N,39.07
263,2024-07-01 00:00:00,2024-07-31 23:59:59,2055,91.866,188.000,15.000,230215,\N,\N,\N,\N,25.14
264,2024-09-01 00:00:00,2024-09-30 23:59:59,34,71.366,254.000,1.000,372050,\N,\N,\N,\N,34.41
265,2024-11-01 00:00:00,2024-11-30 23:59:59,45,63.555,246.000,1.000,258260,\N,\N,\N,\N,16.78
266,2024-04-01 00:00:00,2024-04-30 23:59:59,44,88.815,239.000,4.000,302012,\N,\N,\N,\N,36.08
267,2024-06-01 00:00:00,2024-06-30 23:59:59,2059,95.881,255.000,4.000,212433,\N,\N,\N,\N,22.87
268,2024-09-01 00:00:00,2024-09-30 23:59:59,1050,81.420,174.000,7.000,126697,\N,\N,\N,\N,57.67
269,2024-03-01 00:00:00,2024-03-31 23:59:59,17,86.584,220.000,9.000,76609,\N,\N,\N,\N,22.55
270,2025-01-01 00:00:00,2025-01-31 23:59:59,49,84.347,124.000,30.000,2832,\N,\N,\N,\N,21.43
271,2024-11-01 00:00:00,2024-11-30 23:59:59,26,92.378,241.000,6.000,85571,\N,\N,\N,\N,19.86
272,2024-02-01 00:00:00,2024-02-29 23:59:59,1049,90.133,255.000,3.000,18140,\N,\N,\N,\N,52.76
273,2025-01-01 00:00:00,2025-01-31 23:59:59,2053,90.678,158.000,25.000,24023,\N,\N,\N,\N,12.88
274,2024-05-01 00:00:00,2024-05-31 23:59:59,40,90.111,255.000,5.000,120541,\N,\N,\N,\N,26.16
275,2024-10-01 00:00:00,2024-10-31 23:59:59,42,91.867,255.000,8.000,132476,\N,\N,\N,\N,31.43
276,2024-02-01 00:00:00,2024-02-29 23:59:59,33,98.527,255.000,1.000,409208,\N,\N,\N,\N,14.03
277,2024-03-01 00:00:00,2024-03-31 23:59:59,29,96.697,255.000,6.000,143991,\N,\N,\N,\N,31.48
278,2024-09-01 00:00:00,2024-09-30 23:59:59,2059,95.379,235.000,1.000,186528,\N,\N,\N,\N,24.85
279,2024-12-01 00:00:00,2024-12-31 23:59:59,2052,96.803,222.000,16.000,1182667,\N,\N,\N,\N,9.25
280,2024-06-01 00:00:00,2024-06-30 23:59:59,22,84.348,250.000,1.000,85234,\N,\N,\N,\N,22.64
281,2024-08-01 00:00:00,2024-08-31 23:59:59,45,65.067,211.000,1.000,289578,\N,\N,\N,\N,17.62
282,2024-02-01 00:00:00,2024-02-29 23:59:59,28,88.636,179.000,1.000,142678,\N,\N,\N,\N,68.86
283,2024-07-01 00:00:00,2024-07-31 23:59:59,44,88.569,199.000,1.000,433752,\N,\N,\N,\N,30.79
284,2024-05-01 00:00:00,2024-05-31 23:59:59,21,96.070,255.000,2.000,55201,\N,\N,\N,\N,36.06
285,2024-11-01 00:00:00,2024-11-30 23:59:59,38,95.130,241.000,1.000,526100,\N,\N,\N,\N,13.94
286,2024-04-01 00:00:00,2024-04-30 23:59:59,2055,85.538,255.000,16.000,175262,\N,\N,\N,\N,30.11
287,2024-06-01 00:00:00,2024-06-30 23:59:59,1050,80.739,199.000,7.000,166077,\N,\N,\N,\N,50.11
288,2024-01-01 00:00:00,2024-01-31 23:59:59,2055,82.928,255.000,7.000,108909,\N,\N,\N,\N,31.41
289,2024-11-01 00:00:00,2024-11-30 23:59:59,19,84.143,255.000,7.000,67498,\N,\N,\N,\N,37.92
290,2024-05-01 00:00:00,2024-05-31 23:59:59,33,100.822,236.000,1.000,553018,\N,\N,\N,\N,16.47
291,2024-10-01 00:00:00,2024-10-31 23:59:59,49,85.002,255.000,2.000,70400,\N,\N,\N,\N,43.46
292,2024-02-01 00:00:00,2024-02-29 23:59:59,40,88.267,181.000,7.000,53403,\N,\N,\N,\N,26.93
293,2025-01-01 00:00:00,2025-01-31 23:59:59,42,89.729,115.000,55.000,5553,\N,\N,\N,\N,15.05
294,2024-08-01 00:00:00,2024-08-31 23:59:59,26,93.776,208.000,9.000,106335,\N,\N,\N,\N,18.47
295,2024-10-01 00:00:00,2024-10-31 23:59:59,44,88.108,224.000,1.000,409347,\N,\N,\N,\N,34.71
296,2024-02-01 00:00:00,2024-02-29 23:59:59,35,97.147,251.000,1.000,537073,\N,\N,\N,\N,18.23
297,2025-01-01 00:00:00,2025-01-31 23:59:59,2055,84.957,149.000,23.000,8071,\N,\N,\N,\N,16.35
298,2024-09-01 00:00:00,2024-09-30 23:59:59,17,86.311,221.000,2.000,84392,\N,\N,\N,\N,22.98
299,2024-03-01 00:00:00,2024-03-31 23:59:59,31,93.343,173.000,4.000,179419,\N,\N,\N,\N,32.79
300,2024-12-01 00:00:00,2024-12-31 23:59:59,2059,92.378,191.000,13.000,128991,\N,\N,\N,\N,25.45
301,2024-08-01 00:00:00,2024-08-31 23:59:59,21,96.958,196.000,15.000,59291,\N,\N,\N,\N,30.23
302,2024-05-01 00:00:00,2024-05-31 23:59:59,2058,90.563,255.000,4.000,21221,\N,\N,\N,\N,27.73
303,2024-12-01 00:00:00,2024-12-31 23:59:59,36,88.723,252.000,9.000,383407,\N,\N,\N,\N,18.27
304,2024-08-01 00:00:00,2024-08-31 23:59:59,1049,94.820,255.000,10.000,13258,\N,\N,\N,\N,47.12
305,2024-03-01 00:00:00,2024-03-31 23:59:59,43,85.746,227.000,1.000,392238,\N,\N,\N,\N,22.10
306,2024-02-01 00:00:00,2024-02-29 23:59:59,16,93.433,255.000,2.000,60229,\N,\N,\N,\N,25.61
307,2024-09-01 00:00:00,2024-09-30 23:59:59,29,97.131,162.000,3.000,146756,\N,\N,\N,\N,31.35
308,2024-11-01 00:00:00,2024-11-30 23:59:59,40,89.563,255.000,17.000,97522,\N,\N,\N,\N,26.10
309,2024-06-01 00:00:00,2024-06-30 23:59:59,2054,78.415,255.000,1.000,294218,\N,\N,\N,\N,21.82
310,2024-08-01 00:00:00,2024-08-31 23:59:59,28,89.572,218.000,1.000,229260,\N,\N,\N,\N,50.14
311,2024-11-01 00:00:00,2024-11-30 23:59:59,21,94.511,255.000,22.000,42802,\N,\N,\N,\N,34.49
312,2024-02-01 00:00:00,2024-02-29 23:59:59,42,90.508,163.000,1.000,145701,\N,\N,\N,\N,36.37
313,2024-01-01 00:00:00,2024-01-31 23:59:59,46,80.360,223.000,3.000,14514,\N,\N,\N,\N,53.60
314,2024-10-01 00:00:00,2024-10-31 23:59:59,2055,87.910,255.000,17.000,202720,\N,\N,\N,\N,29.99
315,2024-05-01 00:00:00,2024-05-31 23:59:59,35,99.548,207.000,1.000,634526,\N,\N,\N,\N,19.69
316,2024-12-01 00:00:00,2024-12-31 23:59:59,1050,80.281,255.000,2.000,122158,\N,\N,\N,\N,51.32
317,2024-03-01 00:00:00,2024-03-31 23:59:59,24,82.968,255.000,1.000,250791,\N,\N,\N,\N,37.39
318,2024-09-01 00:00:00,2024-09-30 23:59:59,2054,77.295,255.000,1.000,284864,\N,\N,\N,\N,23.52
319,2024-05-01 00:00:00,2024-05-31 23:59:59,47,94.939,241.000,15.000,212515,\N,\N,\N,\N,28.82
320,2024-06-01 00:00:00,2024-06-30 23:59:59,17,86.289,225.000,1.000,89430,\N,\N,\N,\N,19.58
321,2024-08-01 00:00:00,2024-08-31 23:59:59,40,89.863,255.000,9.000,141136,\N,\N,\N,\N,23.78
322,2024-10-01 00:00:00,2024-10-31 23:59:59,32,80.440,208.000,19.000,88779,\N,\N,\N,\N,32.62
323,2024-02-01 00:00:00,2024-02-29 23:59:59,23,89.993,255.000,3.000,40414,\N,\N,\N,\N,36.01
324,2024-04-01 00:00:00,2024-04-30 23:59:59,46,69.142,238.000,1.000,17331,\N,\N,\N,\N,37.20
325,2024-05-01 00:00:00,2024-05-31 23:59:59,16,94.043,255.000,1.000,110737,\N,\N,\N,\N,26.07
326,2024-12-01 00:00:00,2024-12-31 23:59:59,41,86.725,243.000,7.000,61214,\N,\N,\N,\N,32.87
327,2024-02-01 00:00:00,2024-02-29 23:59:59,2053,92.347,255.000,7.000,397160,\N,\N,\N,\N,19.76
328,2024-05-01 00:00:00,2024-05-31 23:59:59,28,90.686,234.000,1.000,176230,\N,\N,\N,\N,64.25
329,2024-06-01 00:00:00,2024-06-30 23:59:59,24,81.082,255.000,1.000,267849,\N,\N,\N,\N,35.77
330,2025-01-01 00:00:00,2025-01-31 23:59:59,25,89.826,118.000,23.000,7909,\N,\N,\N,\N,16.17
331,2024-09-01 00:00:00,2024-09-30 23:59:59,43,85.429,194.000,3.000,461144,\N,\N,\N,\N,25.01
332,2024-12-01 00:00:00,2024-12-31 23:59:59,22,83.293,195.000,6.000,84656,\N,\N,\N,\N,21.78
333,2024-08-01 00:00:00,2024-08-31 23:59:59,47,93.956,255.000,5.000,238124,\N,\N,\N,\N,25.50
334,2024-11-01 00:00:00,2024-11-30 23:59:59,2058,88.909,255.000,17.000,14624,\N,\N,\N,\N,27.60
335,2024-06-01 00:00:00,2024-06-30 23:59:59,36,87.012,186.000,3.000,506449,\N,\N,\N,\N,16.80
336,2024-12-01 00:00:00,2024-12-31 23:59:59,17,85.722,183.000,2.000,73392,\N,\N,\N,\N,20.63
337,2024-07-01 00:00:00,2024-07-31 23:59:59,32,79.568,255.000,2.000,637616,\N,\N,\N,\N,22.86
338,2024-03-01 00:00:00,2024-03-31 23:59:59,38,96.932,227.000,4.000,553957,\N,\N,\N,\N,13.09
339,2024-01-01 00:00:00,2024-01-31 23:59:59,20,82.692,131.000,3.000,140269,\N,\N,\N,\N,51.27
340,2024-10-01 00:00:00,2024-10-31 23:59:59,25,90.692,193.000,16.000,183091,\N,\N,\N,\N,29.97
341,2024-09-01 00:00:00,2024-09-30 23:59:59,24,79.815,255.000,1.000,289591,\N,\N,\N,\N,36.86
342,2024-06-01 00:00:00,2024-06-30 23:59:59,31,93.467,249.000,2.000,218511,\N,\N,\N,\N,31.00
343,2025-01-01 00:00:00,2025-01-31 23:59:59,18,91.507,124.000,39.000,1897,\N,\N,\N,\N,15.66
344,2024-05-01 00:00:00,2024-05-31 23:59:59,1049,94.643,255.000,5.000,18838,\N,\N,\N,\N,47.90
345,2024-12-01 00:00:00,2024-12-31 23:59:59,29,94.944,197.000,4.000,132455,\N,\N,\N,\N,29.29
346,2024-06-01 00:00:00,2024-06-30 23:59:59,43,84.689,255.000,1.000,526129,\N,\N,\N,\N,20.72
347,2024-04-01 00:00:00,2024-04-30 23:59:59,20,87.361,188.000,7.000,181353,\N,\N,\N,\N,49.22
348,2024-08-01 00:00:00,2024-08-31 23:59:59,2058,91.647,255.000,2.000,25078,\N,\N,\N,\N,25.88
349,2024-03-01 00:00:00,2024-03-31 23:59:59,2054,78.097,255.000,1.000,231975,\N,\N,\N,\N,24.06
350,2024-09-01 00:00:00,2024-09-30 23:59:59,36,89.059,197.000,9.000,466327,\N,\N,\N,\N,18.34
351,2024-12-01 00:00:00,2024-12-31 23:59:59,24,80.465,255.000,1.000,225926,\N,\N,\N,\N,35.03
352,2024-05-01 00:00:00,2024-05-31 23:59:59,42,92.080,255.000,7.000,269671,\N,\N,\N,\N,28.68
353,2024-06-01 00:00:00,2024-06-30 23:59:59,38,99.610,155.000,4.000,249481,\N,\N,\N,\N,13.34
354,2024-08-01 00:00:00,2024-08-31 23:59:59,2053,98.069,255.000,7.000,711733,\N,\N,\N,\N,18.77
355,2024-07-01 00:00:00,2024-07-31 23:59:59,34,71.405,231.000,1.000,295568,\N,\N,\N,\N,31.56
356,2024-11-01 00:00:00,2024-11-30 23:59:59,28,89.864,249.000,3.000,151063,\N,\N,\N,\N,67.58
357,2024-02-01 00:00:00,2024-02-29 23:59:59,44,86.454,172.000,5.000,33810,\N,\N,\N,\N,38.64
358,2024-05-01 00:00:00,2024-05-31 23:59:59,23,93.709,255.000,2.000,34177,\N,\N,\N,\N,30.77
359,2024-01-01 00:00:00,2024-01-31 23:59:59,2059,89.124,162.000,10.000,71545,\N,\N,\N,\N,27.44
360,2024-08-01 00:00:00,2024-08-31 23:59:59,30,88.185,232.000,2.000,285273,\N,\N,\N,\N,25.09
361,2025-01-01 00:00:00,2025-01-31 23:59:59,32,78.977,106.000,38.000,17476,\N,\N,\N,\N,17.31
362,2024-06-01 00:00:00,2024-06-30 23:59:59,19,84.283,255.000,2.000,81585,\N,\N,\N,\N,34.41
363,2024-07-01 00:00:00,2024-07-31 23:59:59,46,76.863,238.000,1.000,19022,\N,\N,\N,\N,35.21
364,2024-06-01 00:00:00,2024-06-30 23:59:59,45,65.163,122.000,2.000,276195,\N,\N,\N,\N,17.14
365,2024-09-01 00:00:00,2024-09-30 23:59:59,38,98.967,214.000,1.000,548985,\N,\N,\N,\N,15.18
366,2024-12-01 00:00:00,2024-12-31 23:59:59,31,90.884,215.000,6.000,168703,\N,\N,\N,\N,31.14
367,2024-04-01 00:00:00,2024-04-30 23:59:59,22,86.854,255.000,1.000,100830,\N,\N,\N,\N,23.67
368,2024-03-01 00:00:00,2024-03-31 23:59:59,2056,93.843,191.000,3.000,101185,\N,\N,\N,\N,34.17
369,2024-04-01 00:00:00,2024-04-30 23:59:59,1050,81.130,155.000,5.000,129137,\N,\N,\N,\N,61.00
370,2024-11-01 00:00:00,2024-11-30 23:59:59,2053,93.799,255.000,13.000,522672,\N,\N,\N,\N,19.61
371,2024-02-01 00:00:00,2024-02-29 23:59:59,2055,84.194,255.000,21.000,157327,\N,\N,\N,\N,30.56
372,2024-01-01 00:00:00,2024-01-31 23:59:59,1050,77.110,126.000,5.000,102806,\N,\N,\N,\N,61.44
373,2024-11-01 00:00:00,2024-11-30 23:59:59,42,90.998,255.000,20.000,113928,\N,\N,\N,\N,33.25
374,2024-03-01 00:00:00,2024-03-31 23:59:59,33,100.473,240.000,3.000,462279,\N,\N,\N,\N,14.78
375,2024-08-01 00:00:00,2024-08-31 23:59:59,49,85.067,255.000,5.000,103968,\N,\N,\N,\N,32.68
376,2024-09-01 00:00:00,2024-09-30 23:59:59,19,84.633,162.000,15.000,65949,\N,\N,\N,\N,36.54
377,2024-01-01 00:00:00,2024-01-31 23:59:59,22,79.818,255.000,6.000,84696,\N,\N,\N,\N,23.70
378,2024-06-01 00:00:00,2024-06-30 23:59:59,26,93.336,253.000,3.000,104393,\N,\N,\N,\N,17.63
379,2024-12-01 00:00:00,2024-12-31 23:59:59,43,85.547,192.000,8.000,402040,\N,\N,\N,\N,21.63
380,2024-06-01 00:00:00,2024-06-30 23:59:59,2056,93.489,255.000,1.000,121640,\N,\N,\N,\N,31.43
381,2024-03-01 00:00:00,2024-03-31 23:59:59,45,64.963,218.000,2.000,264189,\N,\N,\N,\N,17.01
382,2024-08-01 00:00:00,2024-08-31 23:59:59,35,99.418,207.000,3.000,659068,\N,\N,\N,\N,18.99
383,2024-02-01 00:00:00,2024-02-29 23:59:59,18,90.953,207.000,2.000,44136,\N,\N,\N,\N,33.87
384,2024-04-01 00:00:00,2024-04-30 23:59:59,41,87.745,148.000,9.000,63101,\N,\N,\N,\N,37.13
385,2024-07-01 00:00:00,2024-07-31 23:59:59,2052,106.168,255.000,14.000,1728588,\N,\N,\N,\N,9.06
386,2024-09-01 00:00:00,2024-09-30 23:59:59,31,92.955,234.000,8.000,199402,\N,\N,\N,\N,33.36
387,2024-01-01 00:00:00,2024-01-31 23:59:59,41,83.450,242.000,6.000,51438,\N,\N,\N,\N,41.82
388,2025-01-01 00:00:00,2025-01-31 23:59:59,46,83.305,115.000,10.000,389,\N,\N,\N,\N,18.25
389,2024-02-01 00:00:00,2024-02-29 23:59:59,30,88.716,170.000,11.000,89875,\N,\N,\N,\N,27.72
390,2024-03-01 00:00:00,2024-03-31 23:59:59,26,93.199,180.000,10.000,89684,\N,\N,\N,\N,18.76
391,2024-11-01 00:00:00,2024-11-30 23:59:59,23,92.118,255.000,1.000,42366,\N,\N,\N,\N,32.60
392,2024-12-01 00:00:00,2024-12-31 23:59:59,2054,76.446,255.000,1.000,158966,\N,\N,\N,\N,24.90
393,2024-05-01 00:00:00,2024-05-31 23:59:59,49,85.210,255.000,3.000,78193,\N,\N,\N,\N,40.68
394,2024-08-01 00:00:00,2024-08-31 23:59:59,16,93.545,255.000,4.000,204346,\N,\N,\N,\N,23.18
395,2024-01-01 00:00:00,2024-01-31 23:59:59,29,93.694,184.000,10.000,111463,\N,\N,\N,\N,33.39
396,2024-05-01 00:00:00,2024-05-31 23:59:59,2053,98.758,232.000,4.000,690738,\N,\N,\N,\N,19.75
397,2024-05-01 00:00:00,2024-05-31 23:59:59,18,93.971,241.000,2.000,60258,\N,\N,\N,\N,28.63
398,2024-02-01 00:00:00,2024-02-29 23:59:59,25,88.948,196.000,16.000,147604,\N,\N,\N,\N,31.35
399,2024-08-01 00:00:00,2024-08-31 23:59:59,42,90.246,180.000,1.000,190928,\N,\N,\N,\N,24.66
400,2024-11-01 00:00:00,2024-11-30 23:59:59,47,92.657,255.000,8.000,175041,\N,\N,\N,\N,29.23
401,2024-11-01 00:00:00,2024-11-30 23:59:59,35,97.399,182.000,6.000,590888,\N,\N,\N,\N,18.21
402,2024-04-01 00:00:00,2024-04-30 23:59:59,2052,98.011,255.000,15.000,1236263,\N,\N,\N,\N,10.09
403,2024-08-01 00:00:00,2024-08-31 23:59:59,23,93.705,255.000,1.000,45163,\N,\N,\N,\N,29.48
404,2024-10-01 00:00:00,2024-10-31 23:59:59,46,72.028,220.000,1.000,21224,\N,\N,\N,\N,38.87
405,2024-11-01 00:00:00,2024-11-30 23:59:59,16,91.482,231.000,1.000,91321,\N,\N,\N,\N,25.96
406,2024-01-01 00:00:00,2024-01-31 23:59:59,2052,94.766,199.000,3.000,1080516,\N,\N,\N,\N,9.35
407,2024-05-01 00:00:00,2024-05-31 23:59:59,30,89.426,248.000,1.000,175169,\N,\N,\N,\N,28.14
408,2024-02-01 00:00:00,2024-02-29 23:59:59,49,83.640,255.000,8.000,60044,\N,\N,\N,\N,41.54
409,2024-03-01 00:00:00,2024-03-31 23:59:59,19,84.604,255.000,1.000,66518,\N,\N,\N,\N,39.00
410,2024-08-01 00:00:00,2024-08-31 23:59:59,18,92.857,249.000,1.000,92947,\N,\N,\N,\N,17.54
411,2024-10-01 00:00:00,2024-10-31 23:59:59,41,88.420,155.000,8.000,72345,\N,\N,\N,\N,37.29
412,2024-02-01 00:00:00,2024-02-29 23:59:59,32,80.022,255.000,9.000,271104,\N,\N,\N,\N,28.18
413,2025-01-01 00:00:00,2025-01-31 23:59:59,2052,94.079,159.000,33.000,50132,\N,\N,\N,\N,6.65
414,2024-01-01 00:00:00,2024-01-31 23:59:59,36,85.881,246.000,1.000,282812,\N,\N,\N,\N,20.30
415,2024-09-01 00:00:00,2024-09-30 23:59:59,45,64.873,253.000,1.000,277946,\N,\N,\N,\N,17.57
416,2024-07-01 00:00:00,2024-07-31 23:59:59,22,85.885,255.000,6.000,125826,\N,\N,\N,\N,19.63
417,2024-03-01 00:00:00,2024-03-31 23:59:59,28,90.651,249.000,1.000,161474,\N,\N,\N,\N,65.74
418,2024-12-01 00:00:00,2024-12-31 23:59:59,2056,91.804,255.000,1.000,95891,\N,\N,\N,\N,32.31
419,2024-04-01 00:00:00,2024-04-30 23:59:59,2059,95.305,215.000,16.000,170399,\N,\N,\N,\N,26.84
420,2024-04-01 00:00:00,2024-04-30 23:59:59,24,81.924,255.000,1.000,258611,\N,\N,\N,\N,40.44
421,2024-05-01 00:00:00,2024-05-31 23:59:59,2055,91.833,255.000,10.000,143577,\N,\N,\N,\N,26.08
422,2024-07-01 00:00:00,2024-07-31 23:59:59,1050,80.068,182.000,5.000,187413,\N,\N,\N,\N,43.98
423,2024-01-01 00:00:00,2024-01-31 23:59:59,24,76.324,249.000,1.000,209548,\N,\N,\N,\N,38.74
424,2024-03-01 00:00:00,2024-03-31 23:59:59,40,90.006,255.000,16.000,108088,\N,\N,\N,\N,24.06
425,2024-11-01 00:00:00,2024-11-30 23:59:59,49,84.442,255.000,12.000,56372,\N,\N,\N,\N,42.99
426,2024-10-01 00:00:00,2024-10-31 23:59:59,22,87.008,255.000,10.000,117132,\N,\N,\N,\N,22.13
427,2024-04-01 00:00:00,2024-04-30 23:59:59,36,89.135,252.000,4.000,418355,\N,\N,\N,\N,19.13
428,2024-09-01 00:00:00,2024-09-30 23:59:59,26,93.575,208.000,3.000,93136,\N,\N,\N,\N,19.16
429,2024-05-01 00:00:00,2024-05-31 23:59:59,32,80.513,204.000,1.000,328926,\N,\N,\N,\N,26.26
430,2024-10-01 00:00:00,2024-10-31 23:59:59,2052,101.184,255.000,10.000,1342886,\N,\N,\N,\N,10.44
431,2025-01-01 00:00:00,2025-01-31 23:59:59,41,86.786,111.000,10.000,2427,\N,\N,\N,\N,18.87
432,2024-08-01 00:00:00,2024-08-31 23:59:59,25,91.075,255.000,9.000,226205,\N,\N,\N,\N,24.69
433,2024-01-01 00:00:00,2024-01-31 23:59:59,43,82.122,200.000,4.000,272349,\N,\N,\N,\N,22.28
434,2024-03-01 00:00:00,2024-03-31 23:59:59,21,95.747,255.000,10.000,45066,\N,\N,\N,\N,34.70
435,2024-05-01 00:00:00,2024-05-31 23:59:59,44,89.279,223.000,1.000,447616,\N,\N,\N,\N,33.47
436,2024-07-01 00:00:00,2024-07-31 23:59:59,2059,95.090,240.000,16.000,236677,\N,\N,\N,\N,23.19
437,2024-01-01 00:00:00,2024-01-31 23:59:59,31,88.486,143.000,8.000,145446,\N,\N,\N,\N,34.26
438,2024-10-01 00:00:00,2024-10-31 23:59:59,29,96.500,185.000,2.000,153950,\N,\N,\N,\N,33.14
439,2024-02-01 00:00:00,2024-02-29 23:59:59,20,85.707,171.000,1.000,146446,\N,\N,\N,\N,50.98
440,2024-03-01 00:00:00,2024-03-31 23:59:59,1049,94.203,255.000,6.000,16761,\N,\N,\N,\N,51.89
441,2025-01-01 00:00:00,2025-01-31 23:59:59,22,81.209,109.000,18.000,3629,\N,\N,\N,\N,16.40
442,2024-06-01 00:00:00,2024-06-30 23:59:59,2058,91.343,255.000,2.000,21240,\N,\N,\N,\N,24.72
443,2024-04-01 00:00:00,2024-04-30 23:59:59,43,85.570,255.000,1.000,458751,\N,\N,\N,\N,24.61
444,2024-07-01 00:00:00,2024-07-31 23:59:59,36,87.777,198.000,1.000,497723,\N,\N,\N,\N,17.12
445,2025-01-01 00:00:00,2025-01-31 23:59:59,34,71.233,194.000,25.000,12361,\N,\N,\N,\N,19.59
446,2024-01-01 00:00:00,2024-01-31 23:59:59,2054,75.064,255.000,1.000,210432,\N,\N,\N,\N,24.68
447,2024-05-01 00:00:00,2024-05-31 23:59:59,25,90.957,213.000,16.000,187591,\N,\N,\N,\N,28.74
448,2024-08-01 00:00:00,2024-08-31 23:59:59,44,88.510,255.000,1.000,432490,\N,\N,\N,\N,30.19
449,2025-01-01 00:00:00,2025-01-31 23:59:59,1050,79.073,105.000,34.000,5589,\N,\N,\N,\N,28.59
450,2024-06-01 00:00:00,2024-06-30 23:59:59,21,97.628,255.000,4.000,52616,\N,\N,\N,\N,32.97
451,2024-10-01 00:00:00,2024-10-31 23:59:59,2059,95.093,255.000,18.000,196387,\N,\N,\N,\N,25.82
452,2024-12-01 00:00:00,2024-12-31 23:59:59,38,95.085,196.000,8.000,555531,\N,\N,\N,\N,12.34
453,2024-12-01 00:00:00,2024-12-31 23:59:59,19,83.181,255.000,3.000,69981,\N,\N,\N,\N,34.05
454,2024-03-01 00:00:00,2024-03-31 23:59:59,2058,89.699,255.000,14.000,18729,\N,\N,\N,\N,26.96
455,2024-06-01 00:00:00,2024-06-30 23:59:59,33,100.446,218.000,1.000,551072,\N,\N,\N,\N,15.75
456,2024-07-01 00:00:00,2024-07-31 23:59:59,17,85.815,251.000,4.000,100494,\N,\N,\N,\N,19.17
457,2024-06-01 00:00:00,2024-06-30 23:59:59,1049,94.187,255.000,7.000,19381,\N,\N,\N,\N,45.93
458,2024-07-01 00:00:00,2024-07-31 23:59:59,29,96.519,175.000,5.000,174388,\N,\N,\N,\N,29.41
459,2024-04-01 00:00:00,2024-04-30 23:59:59,2054,78.581,255.000,1.000,240366,\N,\N,\N,\N,25.81
460,2024-10-01 00:00:00,2024-10-31 23:59:59,1050,81.523,157.000,4.000,139602,\N,\N,\N,\N,57.07
461,2024-09-01 00:00:00,2024-09-30 23:59:59,2056,93.297,255.000,1.000,107116,\N,\N,\N,\N,34.06
462,2024-10-01 00:00:00,2024-10-31 23:59:59,34,70.822,247.000,1.000,368723,\N,\N,\N,\N,35.31
463,2024-08-01 00:00:00,2024-08-31 23:59:59,2055,91.412,255.000,10.000,233130,\N,\N,\N,\N,24.64
464,2024-12-01 00:00:00,2024-12-31 23:59:59,45,63.604,124.000,1.000,247484,\N,\N,\N,\N,15.16
465,2024-01-01 00:00:00,2024-01-31 23:59:59,17,83.535,225.000,4.000,61836,\N,\N,\N,\N,24.63
466,2024-07-01 00:00:00,2024-07-31 23:59:59,41,87.835,151.000,4.000,78289,\N,\N,\N,\N,32.78
467,2024-06-01 00:00:00,2024-06-30 23:59:59,40,89.953,190.000,4.000,129910,\N,\N,\N,\N,22.50
468,2024-09-01 00:00:00,2024-09-30 23:59:59,33,93.863,247.000,1.000,533063,\N,\N,\N,\N,13.36
469,2024-12-01 00:00:00,2024-12-31 23:59:59,26,91.344,183.000,8.000,86054,\N,\N,\N,\N,17.29
470,2024-03-01 00:00:00,2024-03-31 23:59:59,47,94.325,255.000,13.000,188256,\N,\N,\N,\N,27.49
471,2024-04-01 00:00:00,2024-04-30 23:59:59,17,86.512,251.000,5.000,75370,\N,\N,\N,\N,24.56
472,2024-04-01 00:00:00,2024-04-30 23:59:59,29,96.673,254.000,2.000,140717,\N,\N,\N,\N,32.63
