year,id,AADT
2019.0,05825B1909829,29
2020.0,05825B1909829,78
2021.0,05825B1909829,53
2022.0,05825B1909829,49
2023.0,05825B1909829,41
2024.0,05825B1909829,45
1989.0,93854V443786,1131
1991.0,93854V443786,1318
1992.0,93854V443786,1579
1993.0,93854V443786,2042
1994.0,93854V443786,973
1995.0,93854V443786,1233
1996.0,93854V443786,1257
1997.0,93854V443786,1430
1998.0,93854V443786,1409
1999.0,93854V443786,1388
2000.0,93854V443786,1643
2001.0,93854V443786,1200
2002.0,93854V443786,2048
2003.0,93854V443786,1963
2004.0,93854V443786,1550
2005.0,93854V443786,1843
2006.0,93854V443786,2053
2007.0,93854V443786,1836
2008.0,93854V443786,1976
2009.0,93854V443786,1544
2010.0,93854V443786,1534
2011.0,93854V443786,1779
2012.0,93854V443786,1294
2013.0,93854V443786,1737
2016.0,93854V443786,1535
2020.0,93854V443786,999
2021.0,93854V443786,1430
2022.0,93854V443786,1320
2023.0,93854V443786,1233
2024.0,93854V443786,1245
1994.0,04638V604083,1447
1995.0,04638V604083,1345
1996.0,04638V604083,1262
1997.0,04638V604083,2060
1998.0,04638V604083,1485
2000.0,04638V604083,3968
2017.0,99412V443782,346
2018.0,99412V443782,801
2019.0,99412V443782,624
2020.0,99412V443782,1000
2021.0,99412V443782,837
2022.0,99412V443782,691
2023.0,99412V443782,682
2024.0,99412V443782,674
2001.0,02087V625292,23966
2002.0,02087V625292,20875
2003.0,02087V625292,23957
2004.0,02087V625292,24377
2005.0,02087V625292,22406
2006.0,02087V625292,21825
2007.0,02087V625292,21693
2008.0,02087V625292,21579
2009.0,02087V625292,19938
2010.0,02087V625292,16841
2011.0,02087V625292,17433
2012.0,02087V625292,17366
2013.0,02087V625292,17102
2014.0,02087V625292,16587
2015.0,02087V625292,17301
2016.0,02087V625292,18761
2017.0,02087V625292,18034
2018.0,02087V625292,17007
2019.0,02087V625292,16297
2020.0,02087V625292,14797
2021.0,02087V625292,14955
2022.0,02087V625292,15745
2023.0,02087V625292,16104
2024.0,02087V625292,15524
1994.0,11779V625292,20376
1995.0,11779V625292,22416
1996.0,11779V625292,24126
2000.0,11779V625292,22743
2001.0,11779V625292,20395
2020.0,02924V625304,1378
2021.0,02924V625304,1412
2022.0,02924V625304,1408
2023.0,02924V625304,1419
2024.0,02924V625304,1421
1989.0,57391V443788,3827
1990.0,57391V443788,3151
1991.0,57391V443788,3623
1992.0,57391V443788,3726
1993.0,57391V443788,3583
1994.0,57391V443788,3708
1995.0,57391V443788,3669
1996.0,57391V443788,4025
1997.0,57391V443788,4351
1998.0,57391V443788,4367
1999.0,57391V443788,4733
2000.0,57391V443788,4779
2001.0,57391V443788,4903
2002.0,57391V443788,5081
2003.0,57391V443788,5803
2004.0,57391V443788,4726
2005.0,57391V443788,4203
2006.0,57391V443788,4548
2007.0,57391V443788,4505
2008.0,57391V443788,4675
2009.0,57391V443788,4659
2010.0,57391V443788,4886
2011.0,57391V443788,4786
2012.0,57391V443788,4768
2013.0,57391V443788,4957
2014.0,57391V443788,5201
2016.0,57391V443788,5009
2019.0,57391V443788,4680
2020.0,57391V443788,3877
2021.0,57391V443788,3787
2022.0,57391V443788,3917
2023.0,57391V443788,3897
2024.0,57391V443788,3928
1988.0,77969V443520,9538
1990.0,77969V443520,7630
1991.0,77969V443520,6900
1992.0,77969V443520,7336
1993.0,77969V443520,7100
1994.0,77969V443520,7648
1995.0,77969V443520,7422
1996.0,77969V443520,8193
1997.0,77969V443520,8100
1998.0,77969V443520,8257
1999.0,77969V443520,7931
2000.0,77969V443520,8084
2001.0,77969V443520,8645
2002.0,77969V443520,8123
2003.0,77969V443520,8069
2004.0,77969V443520,8205
2005.0,77969V443520,7706
2006.0,77969V443520,7164
2007.0,77969V443520,7489
2009.0,77969V443520,8145
2012.0,77969V443520,6573
2013.0,77969V443520,6777
2016.0,77969V443520,7497
1994.0,94985V604900,5544
1995.0,94985V604900,5384
1996.0,94985V604900,5840
1997.0,94985V604900,6223
1998.0,94985V604900,7232
1999.0,94985V604900,3613
2000.0,94985V604900,4334
2016.0,12357V625212,50464
2017.0,12357V625212,50749
2018.0,12357V625212,51175
2019.0,12357V625212,51471
2020.0,12357V625212,47770
2021.0,12357V625212,48619
2022.0,12357V625212,52421
2023.0,12357V625212,51296
2024.0,12357V625212,50297
2019.0,26619V625212,44641
2020.0,26619V625212,44561
2021.0,26619V625212,46761
2022.0,26619V625212,50512
2023.0,26619V625212,49383
2024.0,26619V625212,49709
2019.0,06154V625229,7425
2020.0,06154V625229,8207
2021.0,06154V625229,8611
2022.0,06154V625229,8849
2023.0,06154V625229,8529
2024.0,06154V625229,8549
2019.0,79676V625225,6428
2020.0,79676V625225,6966
2021.0,79676V625225,7143
2022.0,79676V625225,7338
2023.0,79676V625225,7031
2024.0,79676V625225,7111
2005.0,91996V625485,5988
2006.0,91996V625485,6066
2007.0,91996V625485,6076
2008.0,91996V625485,5953
2009.0,91996V625485,5566
2010.0,91996V625485,5240
2011.0,91996V625485,5268
2012.0,91996V625485,5095
2019.0,91761V625485,5153
2020.0,91761V625485,5333
2021.0,91761V625485,5520
2022.0,91761V625485,5381
2023.0,91761V625485,5415
2024.0,91761V625485,5215
2001.0,33985V625485,9052
2002.0,33985V625485,8732
2004.0,33985V625485,8251
2005.0,33985V625485,8182
2006.0,33985V625485,8364
2007.0,33985V625485,9191
2008.0,33985V625485,8628
2009.0,33985V625485,8628
1995.0,36561V625212,33426
1996.0,36561V625212,33698
2001.0,36561V625212,41630
2002.0,36561V625212,43266
2003.0,36561V625212,42711
2004.0,36561V625212,43870
2005.0,36561V625212,47631
2006.0,36561V625212,46816
2007.0,36561V625212,51433
2008.0,36561V625212,52718
2009.0,36561V625212,52994
2010.0,36561V625212,56674
2011.0,36561V625212,57756
2012.0,36561V625212,59137
2013.0,36561V625212,60035
2014.0,36561V625212,56798
2021.0,53913V604958,9411
2022.0,53913V604958,9589
2023.0,53913V604958,9985
2024.0,53913V604958,10071
2020.0,61416V625236,4983
2021.0,61416V625236,4655
2015.0,54688V625212,71032
2016.0,54688V625212,66186
2017.0,54688V625212,66840
2018.0,54688V625212,66015
2019.0,54688V625212,66139
2020.0,54688V625212,62173
2024.0,54688V625212,70030
2015.0,36449V625237,72826
2016.0,36449V625237,1889
2017.0,36449V625237,2091
2018.0,36449V625237,2027
2019.0,36449V625237,2208
2020.0,36449V625237,2078
2021.0,36449V625237,1747
2024.0,36449V625237,2150
2015.0,69037V625235,1744
2016.0,69037V625235,1935
2017.0,69037V625235,2361
2018.0,69037V625235,2471
2019.0,69037V625235,2901
2020.0,69037V625235,2694
2021.0,69037V625235,2054
2024.0,69037V625235,2520
2020.0,68282V625239,1908
2021.0,68282V625239,2038
2007.0,48654V625292,27208
2008.0,48654V625292,27438
2009.0,48654V625292,24909
2010.0,48654V625292,22587
2011.0,48654V625292,23011
2021.0,49767V625292,22864
2022.0,49767V625292,22204
2023.0,49767V625292,21999
2024.0,49767V625292,21792
2018.0,82813B1995026,248
2019.0,82813B1995026,154
2020.0,82813B1995026,215
2021.0,82813B1995026,176
2022.0,82813B1995026,174
2023.0,82813B1995026,176
2024.0,82813B1995026,182
2016.0,18089V625292,9330
2019.0,18089V625292,15937
2020.0,18089V625292,14634
2021.0,18089V625292,14245
2022.0,18089V625292,14871
2023.0,18089V625292,14421
2024.0,18089V625292,14516
1993.0,69869V625292,28311
1994.0,69869V625292,23508
2021.0,20783B1984786,558
2022.0,20783B1984786,767
2023.0,20783B1984786,765
2024.0,20783B1984786,786
2010.0,55871V2545188,23631
2011.0,55871V2545188,25324
2012.0,55871V2545188,25309
2015.0,57234V2491268,1798
2016.0,57234V2491268,2405
2017.0,57234V2491268,2489
2018.0,57234V2491268,2399
2019.0,57234V2491268,2639
2020.0,57234V2491268,2149
2021.0,57234V2491268,2297
2022.0,57234V2491268,2742
2023.0,57234V2491268,2782
2024.0,57234V2491268,2920
2015.0,89040V2545188,20464
2016.0,89040V2545188,23556
2017.0,89040V2545188,22916
2018.0,89040V2545188,21332
2019.0,89040V2545188,20227
2020.0,89040V2545188,19266
2021.0,89040V2545188,19804
2022.0,89040V2545188,20601
2023.0,89040V2545188,20449
2024.0,89040V2545188,20289
2015.0,14231V2545190,1689
2016.0,14231V2545190,1622
2017.0,14231V2545190,1496
2018.0,14231V2545190,1484
2019.0,14231V2545190,1570
2020.0,14231V2545190,1379
2021.0,14231V2545190,1457
2022.0,14231V2545190,1609
2023.0,14231V2545190,1735
2024.0,14231V2545190,1937
2020.0,90310V625649,28085
2021.0,90310V625649,33320
2022.0,90310V625649,38673
2023.0,90310V625649,37147
2024.0,90310V625649,39024
2020.0,62363V625649,29254
2021.0,62363V625649,34155
2022.0,62363V625649,39473
2023.0,62363V625649,37989
2024.0,62363V625649,39613
1996.0,60338V625649,58307
1997.0,60338V625649,64039
1998.0,60338V625649,74754
1999.0,60338V625649,69855
2001.0,60338V625649,67888
2002.0,60338V625649,70963
2003.0,60338V625649,70441
2004.0,60338V625649,75454
2005.0,60338V625649,75012
2006.0,60338V625649,71695
2007.0,60338V625649,71674
2008.0,60338V625649,72400
2009.0,60338V625649,70269
2010.0,60338V625649,71307
2011.0,60338V625649,74020
2012.0,60338V625649,77017
2013.0,60338V625649,78035
2014.0,60338V625649,74447
2019.0,32135V604101,8508
2020.0,32135V604101,8163
2021.0,32135V604101,8772
2022.0,32135V604101,8358
2023.0,32135V604101,8141
2024.0,32135V604101,7789
2019.0,51368V625246,1250
2020.0,51368V625246,1060
2021.0,51368V625246,1154
2022.0,51368V625246,1427
2023.0,51368V625246,1249
2024.0,51368V625246,1310
2019.0,87424V625212,34790
2020.0,87424V625212,33478
2021.0,87424V625212,34407
2022.0,87424V625212,35713
2023.0,87424V625212,35927
2024.0,87424V625212,36219
2020.0,39940V625245,809
2021.0,39940V625245,837
2022.0,39940V625245,784
2023.0,39940V625245,682
2024.0,39940V625245,740
2020.0,87434V625212,35377
2021.0,87434V625212,36549
2022.0,87434V625212,39305
2023.0,87434V625212,38598
2024.0,87434V625212,38544
2019.0,91334V625635,3290
2020.0,91334V625635,3341
2021.0,91334V625635,3372
2022.0,91334V625635,3369
2023.0,91334V625635,3244
2024.0,91334V625635,3655
2020.0,27193V2516106,3659
2021.0,27193V2516106,3809
2022.0,27193V2516106,5140
2023.0,27193V2516106,5048
2024.0,27193V2516106,5615
2024.0,44290V625250,6602
2006.0,86889V604289,11964
2009.0,86889V604289,7520
2020.0,89094V3154514,12774
2021.0,89094V3154514,12675
2022.0,89094V3154514,13157
2023.0,89094V3154514,12741
2024.0,89094V3154514,13174
2019.0,84851V605851,10272
2020.0,84851V605851,9619
2021.0,84851V605851,10461
2022.0,84851V605851,10070
2023.0,84851V605851,9520
2024.0,84851V605851,6078
2000.0,19702V625216,17902
2001.0,19702V625216,19947
2002.0,19702V625216,23428
2003.0,19702V625216,23596
2004.0,19702V625216,24458
2005.0,19702V625216,24937
2006.0,19702V625216,25072
2007.0,19702V625216,25915
2008.0,19702V625216,26129
2009.0,19702V625216,26065
2010.0,19702V625216,27266
2011.0,19702V625216,27467
2012.0,19702V625216,27909
2013.0,19702V625216,28532
2014.0,19702V625216,28644
2015.0,19702V625216,29722
2016.0,19702V625216,33415
2017.0,19702V625216,30636
2018.0,19702V625216,24354
2020.0,19702V625216,12473
2021.0,19702V625216,13435
2022.0,19702V625216,13821
2023.0,19702V625216,13133
2024.0,19702V625216,13485
1993.0,11694V625213,45718
1994.0,11694V625213,48277
1995.0,11694V625213,47825
1996.0,11694V625213,49808
1997.0,11694V625213,55163
1998.0,11694V625213,58212
1999.0,11694V625213,59682
2000.0,11694V625213,62046
2001.0,11694V625213,63579
2002.0,11694V625213,64633
2003.0,11694V625213,64378
2004.0,11694V625213,65225
2005.0,11694V625213,68185
2006.0,11694V625213,68932
2007.0,11694V625213,70546
2008.0,11694V625213,70953
2009.0,11694V625213,69559
2010.0,11694V625213,70575
2011.0,11694V625213,70669
2012.0,11694V625213,71409
2016.0,13447V625213,58624
2017.0,13447V625213,71364
2018.0,13447V625213,74242
2019.0,13447V625213,73520
2020.0,13447V625213,74184
2021.0,13447V625213,75625
2022.0,13447V625213,76837
2023.0,13447V625213,75983
2024.0,13447V625213,76177
2016.0,45026B622830,173
2017.0,45026B622830,173
2018.0,45026B622830,200
2019.0,45026B622830,213
2020.0,45026B622830,278
2021.0,45026B622830,64
2023.0,45026B622830,90
2024.0,45026B622830,263
2016.0,09259V625604,1497
2017.0,09259V625604,1771
2018.0,09259V625604,1421
2019.0,09259V625604,1488
2024.0,09259V625604,1637
2016.0,52688V625649,57276
2017.0,52688V625649,57092
2018.0,52688V625649,55368
2019.0,52688V625649,51279
2024.0,52688V625649,52663
2016.0,72406V625599,56513
2017.0,72406V625599,5946
2018.0,72406V625599,5157
2019.0,72406V625599,4671
2024.0,72406V625599,4570
2007.0,19918V605851,12881
2009.0,19918V605851,13614
2010.0,19918V605851,9689
2001.0,43198V625500,6385
2002.0,43198V625500,6420
2003.0,43198V625500,7412
2004.0,43198V625500,7599
2005.0,43198V625500,7680
2006.0,43198V625500,7943
2007.0,43198V625500,8408
2008.0,43198V625500,8647
2009.0,43198V625500,7289
2016.0,44756V1863949,76878
2017.0,44756V1863949,38342
2018.0,44756V1863949,37272
2019.0,44756V1863949,37807
2020.0,44756V1863949,26530
2021.0,44756V1863949,35027
2022.0,44756V1863949,36268
2023.0,44756V1863949,34253
2024.0,44756V1863949,38145
2016.0,59192V1878201,33806
2017.0,59192V1878201,37631
2018.0,59192V1878201,36728
2019.0,59192V1878201,36513
2020.0,59192V1878201,31284
2021.0,59192V1878201,31629
2022.0,59192V1878201,36016
2023.0,59192V1878201,34183
2024.0,59192V1878201,36827
2015.0,71241V2460301,12694
2016.0,71241V2460301,12669
2017.0,71241V2460301,12381
2018.0,71241V2460301,11144
2019.0,71241V2460301,12116
2020.0,71241V2460301,10889
2021.0,71241V2460301,11342
2022.0,71241V2460301,12538
2023.0,71241V2460301,12270
2024.0,71241V2460301,11238
2016.0,29852V2460300,13488
2017.0,29852V2460300,11871
2018.0,29852V2460300,11393
2019.0,29852V2460300,11898
2020.0,29852V2460300,11057
2021.0,29852V2460300,9795
2022.0,29852V2460300,11414
2023.0,29852V2460300,11477
2024.0,29852V2460300,10350
2003.0,86426V625506,4555
2005.0,86426V625506,5500
2006.0,86426V625506,6073
2007.0,86426V625506,6362
2008.0,86426V625506,5917
2009.0,86426V625506,5406
1994.0,96494V625501,7581
1995.0,96494V625501,7071
1997.0,96494V625501,7438
1999.0,96494V625501,7567
2004.0,96494V625501,8801
2016.0,80769V2460281,4676
2017.0,80769V2460281,5013
2018.0,80769V2460281,5544
2019.0,80769V2460281,5630
2024.0,80769V2460281,2852
2016.0,71153B2460281,188
2017.0,71153B2460281,402
2018.0,71153B2460281,539
2019.0,71153B2460281,468
2020.0,71153B2460281,319
2021.0,71153B2460281,461
2022.0,71153B2460281,532
2023.0,71153B2460281,530
2024.0,71153B2460281,540
2017.0,12703B2460285,502
2018.0,12703B2460285,671
2019.0,12703B2460285,555
2020.0,12703B2460285,367
2021.0,12703B2460285,623
2022.0,12703B2460285,691
2023.0,12703B2460285,690
2024.0,12703B2460285,691
2015.0,17684V2460285,7654
2016.0,17684V2460285,7918
2017.0,17684V2460285,8431
2018.0,17684V2460285,8129
2019.0,17684V2460285,7185
2020.0,54588V625325,5686
2021.0,54588V625325,6645
2022.0,54588V625325,7339
2023.0,54588V625325,6952
2024.0,54588V625325,6969
2020.0,73388V3243445,25863
2021.0,73388V3243445,30989
2022.0,73388V3243445,34644
2023.0,73388V3243445,31796
2024.0,73388V3243445,34656
2017.0,73840V2041694,15003
2018.0,73840V2041694,14869
2019.0,73840V2041694,16177
2020.0,73840V2041694,15497
2021.0,73840V2041694,14967
2022.0,73840V2041694,15378
2023.0,73840V2041694,14694
2024.0,73840V2041694,12777
2020.0,12723V3243442,25372
2021.0,12723V3243442,30553
2022.0,12723V3243442,34574
2023.0,12723V3243442,32135
2024.0,12723V3243442,34643
2020.0,42546V625326,5780
2021.0,42546V625326,6679
2022.0,42546V625326,7331
2023.0,42546V625326,6787
2024.0,42546V625326,6787
2003.0,70429B619257,301
2004.0,70429B619257,299
2005.0,70429B619257,319
2007.0,70429B619257,1110
2008.0,70429B619257,1131
2009.0,70429B619257,1277
2010.0,70429B619257,1362
2011.0,70429B619257,1485
2012.0,70429B619257,1402
2013.0,70429B619257,689
2014.0,70429B619257,1523
2015.0,70429B619257,1559
2016.0,70429B619257,1955
2017.0,70429B619257,1815
2018.0,70429B619257,2116
2019.0,70429B619257,1892
2020.0,70429B619257,2305
2021.0,70429B619257,1826
2022.0,70429B619257,2000
2023.0,70429B619257,1956
2024.0,70429B619257,2050
1994.0,59880V605945,6552
1995.0,59880V605945,6858
1997.0,59880V605945,7950
2015.0,33456V625213,62348
2015.0,07752V625591,70957
2016.0,07752V625591,8733
2017.0,07752V625591,8718
2018.0,07752V625591,8249
2019.0,07752V625591,7602
2020.0,07752V625591,5880
2021.0,07752V625591,6667
2022.0,07752V625591,6772
2023.0,07752V625591,6370
2024.0,07752V625591,6380
2015.0,33808V625649,54624
2016.0,33808V625649,56999
2017.0,33808V625649,54034
2018.0,33808V625649,51251
2019.0,33808V625649,51038
2020.0,33808V625649,38367
2021.0,33808V625649,41763
2022.0,33808V625649,54513
2023.0,33808V625649,53543
2024.0,33808V625649,55090
2015.0,89007V625589,9192
2016.0,89007V625589,9262
2017.0,89007V625589,9172
2018.0,89007V625589,9097
2019.0,89007V625589,8428
2020.0,89007V625589,7758
2021.0,89007V625589,7639
2022.0,89007V625589,7750
2023.0,89007V625589,7510
2006.0,00000V605974,28491
2007.0,00000V605974,31482
2010.0,00000V605974,21858
2021.0,84604B1993276,446
2022.0,84604B1993276,503
2023.0,84604B1993276,561
2024.0,84604B1993276,582
2018.0,47408V625213,69242
2019.0,47408V625213,66740
2020.0,47408V625213,65766
2021.0,47408V625213,66933
2022.0,47408V625213,68407
2023.0,47408V625213,68926
2024.0,47408V625213,68609
2018.0,73125V3145673,1891
2019.0,73125V3145673,1711
2020.0,73125V3145673,1608
2021.0,73125V3145673,1588
2022.0,73125V3145673,1428
2023.0,73125V3145673,1318
2024.0,73125V3145673,1204
2008.0,32766V605350,8254
2009.0,32766V605350,8481
2010.0,32766V605350,8603
2016.0,21745B1996708,4179
2017.0,21745B1996708,1472
2018.0,21745B1996708,1670
2019.0,21745B1996708,1508
2020.0,21745B1996708,867
2021.0,21745B1996708,1269
2022.0,21745B1996708,1620
2023.0,21745B1996708,1633
2024.0,21745B1996708,1670
2007.0,12962V625515,19028
2008.0,12962V625515,17029
2009.0,12962V625515,14818
2010.0,12962V625515,14161
2003.0,64557V625518,15055
2004.0,64557V625518,14937
2005.0,64557V625518,14989
2006.0,64557V625518,15294
2007.0,64557V625518,15744
2008.0,64557V625518,15142
2009.0,64557V625518,14515
2010.0,64557V625518,15174
2011.0,64557V625518,17501
2012.0,64557V625518,16613
2017.0,64557V625518,13986
2018.0,64557V625518,13690
2019.0,64557V625518,12779
2020.0,64557V625518,10008
2021.0,64557V625518,10508
2022.0,64557V625518,11570
2023.0,64557V625518,10656
2024.0,64557V625518,10592
2011.0,62876V625515,23252
2006.0,66888V625327,14225
2007.0,66888V625327,14406
2008.0,66888V625327,13338
2009.0,66888V625327,12312
2010.0,66888V625327,12523
2011.0,66888V625327,13496
2012.0,66888V625327,13899
2013.0,66888V625327,13884
2014.0,66888V625327,13919
2015.0,66888V625327,14218
1995.0,34668V604213,2777
1997.0,34668V604213,2858
2002.0,34668V604213,2332
2008.0,34668V604213,1947
1995.0,47968V605454,6721
2001.0,90021V625363,30287
2002.0,90021V625363,31002
2003.0,90021V625363,30273
2004.0,90021V625363,31194
2005.0,90021V625363,34432
2006.0,90021V625363,30619
2007.0,90021V625363,33811
2008.0,90021V625363,29668
2009.0,90021V625363,27450
1994.0,52231V625294,70811
1995.0,52231V625294,71971
1996.0,52231V625294,76663
1997.0,52231V625294,82591
1998.0,52231V625294,81792
1999.0,52231V625294,74118
2000.0,52231V625294,71818
2001.0,52231V625294,71898
2002.0,52231V625294,73631
2003.0,52231V625294,74642
2004.0,52231V625294,77051
2005.0,52231V625294,78454
2006.0,52231V625294,77265
2007.0,52231V625294,78413
2008.0,52231V625294,77016
2009.0,52231V625294,73747
2010.0,52231V625294,71689
2011.0,52231V625294,73124
2012.0,52231V625294,74637
2015.0,52231V625294,73702
2016.0,52231V625294,72692
2017.0,52231V625294,76239
2018.0,52231V625294,73757
2019.0,52231V625294,75490
2020.0,52231V625294,65514
2021.0,52231V625294,67741
2022.0,52231V625294,76296
2024.0,52231V625294,76455
1994.0,52633V605474,4620
1995.0,52633V605474,4545
1996.0,52633V605474,4626
1997.0,52633V605474,5022
1999.0,52633V605474,5211
2003.0,52633V605474,5369
2005.0,52633V605474,4240
2007.0,52633V605474,5252
2009.0,52633V605474,3824
1998.0,05847V604265,17729
1999.0,05847V604265,17315
2003.0,57308V603849,8211
2005.0,57308V603849,8152
2007.0,57308V603849,8509
1994.0,00000V605841,19838
1995.0,00000V605841,20049
2002.0,00000V605841,14991
1993.0,29403V625517,12498
1994.0,29403V625517,14655
1995.0,29403V625517,15878
1996.0,29403V625517,16565
1997.0,29403V625517,17567
1998.0,29403V625517,16491
1999.0,29403V625517,15618
2001.0,29403V625517,16460
2002.0,29403V625517,17026
2003.0,29403V625517,17084
2004.0,29403V625517,17000
2005.0,29403V625517,17269
2006.0,29403V625517,16894
2007.0,29403V625517,15686
2008.0,29403V625517,16763
2009.0,29403V625517,17286
2010.0,29403V625517,16891
2011.0,29403V625517,15430
2012.0,29403V625517,14983
2013.0,29403V625517,15104
2014.0,29403V625517,14172
2017.0,29403V625517,12488
2018.0,29403V625517,11961
2019.0,29403V625517,13106
2020.0,29403V625517,12491
2021.0,29403V625517,12429
2022.0,29403V625517,13291
2023.0,29403V625517,13162
2024.0,29403V625517,13147
1994.0,75556V604580,11639
1995.0,75556V604580,10878
1996.0,75556V604580,10103
1997.0,75556V604580,10456
2003.0,75556V604580,9050
2007.0,75556V604580,8231
2009.0,75556V604580,5777
2019.0,13999V625502,6333
2020.0,13999V625502,6374
2021.0,13999V625502,6717
2022.0,13999V625502,6247
2023.0,13999V625502,6128
2024.0,13999V625502,5860
1996.0,92391V604509,3697
1997.0,92391V604509,3894
1999.0,92391V604509,4061
2003.0,92391V604509,3470
2005.0,92391V604509,3817
2007.0,92391V604509,3171
2009.0,92391V604509,3316
1996.0,48379V604859,3593
1997.0,48379V604859,4369
1999.0,48379V604859,4203
2003.0,48379V604859,2641
2005.0,48379V604859,2718
2007.0,48379V604859,2056
2009.0,48379V604859,1998
1994.0,20853V603508,10246
1996.0,20853V603508,11446
1997.0,20853V603508,13634
2003.0,20853V603508,10902
2007.0,20853V603508,9838
2009.0,20853V603508,11412
2005.0,06986V625518,19853
2006.0,06986V625518,20012
2007.0,06986V625518,19439
2008.0,06986V625518,19382
2009.0,06986V625518,18753
2010.0,06986V625518,17752
2011.0,06986V625518,18796
2012.0,06986V625518,18660
2013.0,06986V625518,17779
2016.0,06986V625518,18185
1996.0,00000V605940,3961
1998.0,00000V605940,3944
1999.0,00000V605940,4681
2000.0,00000V605940,5003
2006.0,00000V605940,4975
2008.0,00000V605940,3736
2010.0,00000V605940,1284
1994.0,85445V603756,20865
1995.0,85445V603756,19273
1997.0,85445V603756,22352
2004.0,85445V603756,20143
2006.0,85445V603756,18541
1988.0,16592V625580,15734
1989.0,16592V625580,16019
1990.0,16592V625580,14665
1991.0,16592V625580,14722
1992.0,16592V625580,14809
1993.0,16592V625580,14457
1994.0,16592V625580,14104
1995.0,16592V625580,14091
1996.0,16592V625580,14380
1997.0,16592V625580,13478
1998.0,16592V625580,12256
1999.0,16592V625580,12713
2000.0,16592V625580,12518
2001.0,16592V625580,12822
2002.0,16592V625580,12934
2003.0,16592V625580,12346
2004.0,16592V625580,11871
2005.0,16592V625580,11294
2006.0,16592V625580,11396
2007.0,16592V625580,10841
2008.0,16592V625580,10358
2009.0,16592V625580,9116
2020.0,71608V603756,12994
2021.0,71608V603756,12974
2022.0,71608V603756,13513
2023.0,71608V603756,13020
2024.0,71608V603756,11881
1994.0,20036V605081,9092
1995.0,20036V605081,8272
1997.0,20036V605081,9249
2003.0,20036V605081,9187
2024.0,41311V605186,2558
2022.0,22603B623454,993
2023.0,22603B623454,914
2024.0,22603B623454,989
2002.0,15194V625649,47469
2003.0,15194V625649,45232
2004.0,15194V625649,47326
2005.0,15194V625649,48169
2006.0,15194V625649,48166
2007.0,15194V625649,49230
2008.0,15194V625649,48531
2009.0,15194V625649,47961
2010.0,15194V625649,47944
2011.0,15194V625649,49435
2012.0,15194V625649,51078
2013.0,15194V625649,51270
2008.0,37909V605978,7271
2010.0,37909V605978,6961
2003.0,01432V625405,45823
2004.0,01432V625405,46328
2005.0,01432V625405,46118
2006.0,01432V625405,45787
2007.0,01432V625405,46555
2008.0,01432V625405,47581
2009.0,01432V625405,46657
2010.0,01432V625405,43786
2011.0,01432V625405,41669
2012.0,01432V625405,37159
2013.0,01432V625405,36037
2014.0,01432V625405,39351
2005.0,93325V625214,13849
2005.0,63292V625213,13283
2019.0,61469V605671,12564
2020.0,61469V605671,12118
2021.0,61469V605671,12318
2022.0,61469V605671,12370
2016.0,03375V625405,39619
2017.0,03375V625405,43558
2018.0,03375V625405,45776
2019.0,03375V625405,44879
2020.0,03375V625405,42297
2021.0,03375V625405,43693
2022.0,03375V625405,45019
2023.0,03375V625405,46320
2024.0,03375V625405,45681
2016.0,67570V625213,14609
2017.0,67570V625213,16420
2018.0,67570V625213,17304
2019.0,67570V625213,17171
2020.0,67570V625213,16586
2021.0,67570V625213,16927
2022.0,67570V625213,18221
2023.0,67570V625213,17909
2024.0,67570V625213,17995
2017.0,90697V625213,26178
2018.0,90697V625213,26746
2019.0,90697V625213,26723
2020.0,90697V625213,26792
2021.0,90697V625213,26055
2022.0,90697V625213,28447
2023.0,90697V625213,28846
2024.0,90697V625213,28472
2016.0,89041V625265,12413
2017.0,89041V625265,13091
2018.0,89041V625265,12630
2019.0,89041V625265,12463
2020.0,89041V625265,12809
2021.0,89041V625265,12828
2022.0,89041V625265,12873
2023.0,89041V625265,13712
2024.0,89041V625265,13538
2016.0,66346V625214,12740
2017.0,66346V625214,14779
2018.0,66346V625214,16040
2019.0,66346V625214,15836
2020.0,66346V625214,14695
2021.0,66346V625214,14654
2022.0,66346V625214,15941
2023.0,66346V625214,16093
2024.0,66346V625214,16315
2016.0,05120V625649,22824
2017.0,05120V625649,25017
2018.0,05120V625649,23665
2019.0,05120V625649,23714
2020.0,05120V625649,19089
2021.0,05120V625649,23020
2022.0,05120V625649,23833
2023.0,05120V625649,23327
2024.0,05120V625649,24056
2016.0,23392V625266,38460
2017.0,23392V625266,11954
2018.0,23392V625266,11531
2019.0,23392V625266,11241
2020.0,23392V625266,11585
2021.0,23392V625266,11764
2022.0,23392V625266,11728
2023.0,23392V625266,12504
2024.0,23392V625266,12431
2018.0,76389B2046118,494
2019.0,76389B2046118,252
2020.0,76389B2046118,348
2021.0,76389B2046118,277
2022.0,76389B2046118,301
2023.0,76389B2046118,290
2024.0,76389B2046118,300
2003.0,72073V625213,46428
2004.0,72073V625213,53127
2005.0,72073V625213,53059
2006.0,72073V625213,55020
2007.0,72073V625213,56027
2008.0,72073V625213,57097
2009.0,72073V625213,55202
2010.0,72073V625213,56162
2011.0,72073V625213,55202
2016.0,04477V625649,25850
2017.0,04477V625649,24793
2018.0,04477V625649,23190
2019.0,04477V625649,23448
2020.0,04477V625649,18557
2021.0,04477V625649,18409
2022.0,04477V625649,24473
2023.0,04477V625649,24209
2024.0,04477V625649,24748
2017.0,12707V625214,23644
2018.0,12707V625214,24488
2019.0,12707V625214,24452
2020.0,12707V625214,24411
2021.0,12707V625214,24382
2022.0,12707V625214,25879
2023.0,12707V625214,26190
2024.0,12707V625214,25833
2007.0,35933V605493,18637
2008.0,35933V605493,16343
2010.0,35933V605493,9409
2019.0,08916V625376,5579
2020.0,08916V625376,5416
2021.0,08916V625376,5438
2022.0,08916V625376,5435
2023.0,08916V625376,5354
2024.0,08916V625376,5637
2019.0,81732V625378,1520
2020.0,81732V625378,1519
2021.0,81732V625378,1587
2022.0,81732V625378,1657
2023.0,81732V625378,1672
2024.0,81732V625378,1648
2019.0,61394V604898,13008
2020.0,61394V604898,12600
2021.0,61394V604898,12876
2022.0,61394V604898,13461
2023.0,61394V604898,13231
2024.0,61394V604898,13371
2021.0,17076B2046092,592
2022.0,17076B2046092,704
2023.0,17076B2046092,814
2024.0,17076B2046092,757
2010.0,52487V625530,23462
2011.0,52487V625530,22644
2019.0,47140V625367,26511
2020.0,47140V625367,26261
2021.0,47140V625367,25861
2022.0,47140V625367,27233
2023.0,47140V625367,27286
2024.0,47140V625367,27323
1999.0,08337V604161,6338
2018.0,45083B2577551,109
2019.0,45083B2577551,129
2020.0,45083B2577551,229
2021.0,45083B2577551,202
2022.0,45083B2577551,204
2023.0,45083B2577551,185
2024.0,45083B2577551,214
2019.0,40977V625551,5724
2020.0,40977V625551,6145
2021.0,40977V625551,6102
2022.0,40977V625551,6386
2023.0,40977V625551,6313
2024.0,40977V625551,5994
2018.0,60739V625530,24088
2019.0,60739V625530,22685
2020.0,60739V625530,22151
2021.0,60739V625530,21776
2022.0,60739V625530,23168
2023.0,60739V625530,23429
2024.0,60739V625530,23137
2019.0,43746V625550,1824
2020.0,43746V625550,2243
2021.0,43746V625550,2337
2022.0,43746V625550,2367
2023.0,43746V625550,2416
2024.0,43746V625550,2400
2020.0,68441V625561,7519
2021.0,68441V625561,7432
2022.0,68441V625561,7759
2023.0,68441V625561,7826
2024.0,68441V625561,9643
2020.0,83502V625530,10579
2021.0,83502V625530,10436
2022.0,83502V625530,10904
2023.0,83502V625530,11236
2024.0,83502V625530,11328
2020.0,83468V625530,9574
2021.0,83468V625530,9446
2022.0,83468V625530,10314
2023.0,83468V625530,10467
2024.0,83468V625530,10471
2020.0,37866V625564,2475
2021.0,37866V625564,2554
2022.0,37866V625564,2784
2023.0,37866V625564,2766
2024.0,37866V625564,3426
2011.0,76435V625530,28896
2011.0,78160V625367,25572
2019.0,89787V605343,10843
2020.0,89787V605343,10589
2021.0,89787V605343,10910
2022.0,89787V605343,11201
2023.0,89787V605343,10979
2024.0,89787V605343,10635
2007.0,06394V605377,3602
2008.0,06394V605377,3491
2009.0,06394V605377,2940
2019.0,05185V2783689,23046
2020.0,05185V2783689,25878
2021.0,05185V2783689,26176
2022.0,05185V2783689,26945
2023.0,05185V2783689,27672
2024.0,05185V2783689,25668
2000.0,94543V2783687,38652
2001.0,94543V2783687,45565
2019.0,94543V2783687,22894
2020.0,94543V2783687,25928
2021.0,94543V2783687,26518
2022.0,94543V2783687,27061
2023.0,94543V2783687,27084
2024.0,94543V2783687,24944
2008.0,06921V603649,1775
2009.0,06921V603649,1929
2021.0,87647B617679,1150
2022.0,87647B617679,1156
2023.0,87647B617679,1188
2024.0,87647B617679,1385
1989.0,48379V625405,25828
1992.0,48379V625405,32603
1993.0,48379V625405,33276
1994.0,48379V625405,37185
1995.0,48379V625405,42140
1996.0,48379V625405,43120
1997.0,48379V625405,46353
1998.0,48379V625405,46382
1999.0,48379V625405,46520
2000.0,48379V625405,53994
2001.0,48379V625405,56711
2002.0,48379V625405,58354
2003.0,48379V625405,59862
2004.0,48379V625405,59953
2005.0,48379V625405,61376
2006.0,48379V625405,61578
2007.0,48379V625405,61502
2008.0,48379V625405,60822
2009.0,48379V625405,60002
2010.0,48379V625405,60233
2011.0,48379V625405,59689
2012.0,48379V625405,59908
2013.0,48379V625405,59125
2014.0,48379V625405,61506
2015.0,48379V625405,60915
2016.0,48379V625405,58863
2017.0,48379V625405,60024
2018.0,48379V625405,62893
2019.0,48379V625405,60984
2020.0,48379V625405,60213
2021.0,48379V625405,60920
2022.0,48379V625405,60781
2023.0,48379V625405,63298
2024.0,48379V625405,58771
2007.0,01966V604781,15070
2009.0,01966V604781,13231
1995.0,66410V625367,26673
1996.0,66410V625367,27981
1997.0,66410V625367,28881
1998.0,66410V625367,27581
1999.0,66410V625367,26164
2000.0,66410V625367,28512
2001.0,66410V625367,28699
2002.0,66410V625367,28946
2003.0,66410V625367,28485
2004.0,66410V625367,28373
2005.0,66410V625367,27318
2006.0,66410V625367,27267
2007.0,66410V625367,27494
2008.0,66410V625367,27262
2009.0,66410V625367,26806
2010.0,66410V625367,27106
2011.0,66410V625367,27862
2012.0,66410V625367,27270
2013.0,66410V625367,27070
2014.0,66410V625367,27052
2015.0,66410V625367,26596
2016.0,66410V625367,26486
2017.0,66410V625367,26417
2018.0,66410V625367,25872
2019.0,66410V625367,25403
2020.0,66410V625367,24919
2021.0,66410V625367,25446
2022.0,66410V625367,25839
2023.0,66410V625367,25718
2024.0,66410V625367,25712
2021.0,99836V443566,2007
1987.0,20127V443567,4474
1991.0,20127V443567,5136
1993.0,20127V443567,4502
1999.0,20127V443567,5936
2004.0,20127V443567,5321
2006.0,20127V443567,5161
2008.0,20127V443567,4917
2012.0,20127V443567,4963
2013.0,20127V443567,5254
2016.0,20127V443567,4731
2023.0,28592V443567,6415
2022.0,66576V443556,2892
2023.0,79238V443567,3022
2018.0,88224B442844,35
2019.0,88224B442844,200
2020.0,88224B442844,142
2021.0,88224B442844,97
2022.0,88224B442844,160
2023.0,88224B442844,148
2024.0,88224B442844,177
2018.0,17096V443647,18239
2019.0,17096V443647,18507
2020.0,17096V443647,16460
2021.0,17096V443647,16281
2022.0,17096V443647,16344
2023.0,17096V443647,16025
2024.0,17096V443647,15775
2024.0,81279V604037,1358
2002.0,78495V625503,16371
2003.0,78495V625503,15414
2006.0,78495V625503,15363
2007.0,78495V625503,15315
2008.0,78495V625503,14415
2009.0,78495V625503,13453
2010.0,78495V625503,14445
1986.0,54296V625503,5744
1994.0,54296V625503,10299
1997.0,54296V625503,10952
1999.0,54296V625503,10124
1994.0,21258V625502,10053
1995.0,21258V625502,9665
1997.0,21258V625502,8988
1986.0,40197V625504,33344
1994.0,40197V625504,14648
1995.0,40197V625504,13240
2019.0,62991V604777,11200
2020.0,62991V604777,9153
2021.0,62991V604777,10031
2022.0,62991V604777,11115
2023.0,62991V604777,10384
2024.0,62991V604777,11906
2002.0,14042V604149,11735
2010.0,14042V604149,7494
1994.0,93802V625502,23063
1995.0,93802V625502,20350
1997.0,93802V625502,17758
1999.0,93802V625502,19439
1995.0,34086V625502,15985
1997.0,34086V625502,17229
1999.0,34086V625502,15616
2004.0,77367V625580,16644
2005.0,77367V625580,17679
2006.0,77367V625580,15825
2001.0,81302V1874702,38488
2002.0,81302V1874702,34329
2003.0,81302V1874702,35368
2004.0,81302V1874702,34350
2006.0,81302V1874702,33655
2007.0,81302V1874702,34814
2008.0,81302V1874702,34412
2009.0,81302V1874702,32996
2010.0,81302V1874702,24780
2011.0,81302V1874702,19707
2012.0,81302V1874702,19455
2020.0,87863V625272,6365
2021.0,87863V625272,6404
2022.0,87863V625272,6921
2023.0,87863V625272,6984
2024.0,87863V625272,6920
2018.0,72035V2312244,17202
2019.0,72035V2312244,15375
2017.0,73166V2312244,10917
2018.0,73166V2312244,10716
2019.0,73166V2312244,10633
2020.0,73166V2312244,10477
2021.0,73166V2312244,11010
2022.0,73166V2312244,11365
2023.0,73166V2312244,11803
2024.0,73166V2312244,11317
2017.0,34157V2312145,6624
2018.0,34157V2312145,6724
2019.0,34157V2312145,6830
2020.0,34157V2312145,6191
2021.0,34157V2312145,6293
2022.0,34157V2312145,7233
2023.0,34157V2312145,7603
2024.0,34157V2312145,8087
2020.0,26182V625276,9947
2021.0,26182V625276,9931
2022.0,26182V625276,10552
2023.0,26182V625276,10469
2024.0,26182V625276,10519
2020.0,23235V625215,38612
2021.0,23235V625215,38009
2022.0,23235V625215,43694
2023.0,23235V625215,43572
2024.0,23235V625215,44701
2020.0,23369V625215,37799
2021.0,23369V625215,39200
2022.0,23369V625215,44334
2023.0,23369V625215,44422
2024.0,23369V625215,43941
2020.0,08491V625275,5482
2021.0,08491V625275,5773
2022.0,08491V625275,6505
2023.0,08491V625275,6824
2024.0,08491V625275,6647
2017.0,87734V2312218,33736
2018.0,87734V2312218,34102
2019.0,87734V2312218,33566
2020.0,87734V2312218,33137
2021.0,87734V2312218,33227
2022.0,87734V2312218,33897
2023.0,87734V2312218,35161
2024.0,87734V2312218,33668
2017.0,78505V2312159,7424
2018.0,78505V2312159,7177
2019.0,78505V2312159,6852
2020.0,78505V2312159,6805
2021.0,78505V2312159,7168
2022.0,78505V2312159,7006
2023.0,78505V2312159,7198
2024.0,78505V2312159,6872
2017.0,10287V2312216,25867
2018.0,10287V2312216,26410
2019.0,10287V2312216,25031
2020.0,10287V2312216,24661
2021.0,10287V2312216,24923
2022.0,10287V2312216,25177
2023.0,10287V2312216,25881
2024.0,10287V2312216,25036
2003.0,42207V625612,21340
2004.0,42207V625612,21891
2005.0,42207V625612,22705
2006.0,42207V625612,23014
2007.0,42207V625612,23782
2008.0,42207V625612,23827
2009.0,42207V625612,22845
2010.0,42207V625612,23020
2011.0,42207V625612,22856
2019.0,66549V625612,24026
2020.0,66549V625612,23276
2021.0,66549V625612,23534
2022.0,66549V625612,24636
2023.0,66549V625612,24642
2024.0,66549V625612,24704
2019.0,66755V625539,4630
2020.0,66755V625539,4275
2021.0,66755V625539,4068
2022.0,66755V625539,4600
2023.0,66755V625539,4771
2024.0,66755V625539,4729
2019.0,91158V625541,3048
2020.0,91158V625541,2914
2021.0,91158V625541,2660
2022.0,91158V625541,3166
2023.0,91158V625541,3188
2024.0,91158V625541,3197
2019.0,20680V625530,9032
2020.0,20680V625530,8584
2021.0,20680V625530,7873
2022.0,20680V625530,9725
2023.0,20680V625530,9636
2024.0,20680V625530,9359
2019.0,20690V625530,11717
2020.0,20690V625530,11523
2021.0,20690V625530,11887
2022.0,20690V625530,11989
2023.0,20690V625530,12430
2024.0,20690V625530,12488
2019.0,33431V625542,2567
2020.0,33431V625542,2653
2021.0,33431V625542,2502
2022.0,33431V625542,2859
2023.0,33431V625542,2725
2024.0,33431V625542,2784
2008.0,51280V605496,15269
2010.0,51280V605496,15583
2023.0,36272V443967,8516
2010.0,19173V443967,7896
2014.0,19173V443967,7923
2018.0,19173V443967,7847
2019.0,38023V625278,6298
2020.0,38023V625278,6605
2021.0,38023V625278,6769
2022.0,38023V625278,7104
2023.0,38023V625278,7101
2024.0,38023V625278,7033
2004.0,91442V625369,20318
2005.0,91442V625369,17071
2006.0,91442V625369,16792
2007.0,91442V625369,19004
2007.0,71879V625369,21126
2008.0,71879V625369,21588
2009.0,71879V625369,23264
2011.0,71879V625369,22641
2005.0,77258V625502,21292
2006.0,77258V625502,20925
2007.0,77258V625502,20890
2008.0,77258V625502,20231
2009.0,77258V625502,19452
2010.0,77258V625502,19235
1992.0,47044V625502,21300
1993.0,47044V625502,23181
1994.0,47044V625502,22758
1995.0,47044V625502,21081
1996.0,47044V625502,22201
1997.0,47044V625502,22521
1998.0,47044V625502,22128
1999.0,47044V625502,22679
2000.0,47044V625502,21004
2001.0,47044V625502,21506
2002.0,47044V625502,20620
2003.0,47044V625502,19588
2004.0,47044V625502,19619
2005.0,47044V625502,19350
2006.0,47044V625502,19210
2007.0,47044V625502,20157
2008.0,47044V625502,19603
2020.0,47044V625502,14419
2021.0,47044V625502,14445
2022.0,47044V625502,14331
2023.0,47044V625502,14135
2024.0,47044V625502,14208
2001.0,24764V625406,49924
2002.0,24764V625406,51282
2003.0,24764V625406,45763
2004.0,24764V625406,47996
2005.0,24764V625406,48633
2006.0,24764V625406,47039
2007.0,24764V625406,49181
2008.0,24764V625406,48827
2009.0,24764V625406,48543
2010.0,24764V625406,51638
2011.0,24764V625406,48301
2015.0,24764V625406,42547
2016.0,24764V625406,42977
2017.0,24764V625406,45745
2018.0,24764V625406,44983
2019.0,24764V625406,45902
2020.0,24764V625406,46300
2021.0,24764V625406,46248
2022.0,24764V625406,45880
2023.0,24764V625406,48162
2024.0,24764V625406,44988
2020.0,07144V625582,16448
2021.0,07144V625582,17074
2022.0,07144V625582,17251
2023.0,07144V625582,17403
2024.0,07144V625582,16976
1994.0,49023V605697,11152
1995.0,49023V605697,11368
1997.0,49023V605697,13070
2002.0,49023V605697,12557
2004.0,49023V605697,12713
1990.0,19766V603696,3951
1994.0,19766V603696,4037
1995.0,19766V603696,3956
2000.0,19766V603696,3965
2002.0,19766V603696,4699
2004.0,19766V603696,3893
2006.0,19766V603696,4152
2008.0,19766V603696,5788
1994.0,64300V625502,29299
1995.0,64300V625502,21752
1997.0,64300V625502,23948
1999.0,64300V625502,24204
2005.0,27446V605375,5531
2006.0,27446V605375,5174
2019.0,22325V625540,4067
2020.0,22325V625540,3691
2021.0,22325V625540,4271
2022.0,22325V625540,4087
2023.0,22325V625540,4146
2024.0,22325V625540,4298
1993.0,39870V2312216,48604
1994.0,39870V2312216,50066
1995.0,39870V2312216,55416
1996.0,39870V2312216,58489
1997.0,39870V2312216,64856
1998.0,39870V2312216,64319
1999.0,39870V2312216,68247
2000.0,39870V2312216,70215
2001.0,39870V2312216,72821
2002.0,39870V2312216,73571
2003.0,39870V2312216,73110
2004.0,39870V2312216,74480
2005.0,39870V2312216,75686
2006.0,39870V2312216,75195
2007.0,39870V2312216,75455
2008.0,39870V2312216,75434
2009.0,39870V2312216,74093
2008.0,53323V603741,12226
2010.0,53323V603741,11651
1996.0,49763V2367192,14407
2003.0,49763V2367192,17313
2005.0,49763V2367192,17367
2006.0,49763V2367192,18229
2007.0,49763V2367192,17952
2008.0,49763V2367192,18134
2009.0,49763V2367192,14176
2010.0,49763V2367192,18014
2011.0,49763V2367192,17357
2017.0,49763V2367192,18977
2018.0,49763V2367192,19139
2019.0,49763V2367192,19250
2020.0,49763V2367192,18586
2021.0,49763V2367192,18770
2022.0,49763V2367192,19523
2023.0,49763V2367192,19552
2024.0,49763V2367192,19674
2018.0,40889V625215,44929
2019.0,40889V625215,43249
2020.0,40889V625215,39975
2021.0,40889V625215,41823
2022.0,40889V625215,45895
2023.0,40889V625215,46065
2024.0,40889V625215,46572
2019.0,10254V625614,4442
2020.0,10254V625614,5332
2021.0,10254V625614,5569
2022.0,10254V625614,5508
2023.0,10254V625614,5385
2024.0,10254V625614,5121
2007.0,26397V605239,15171
2008.0,26397V605239,13132
2010.0,26397V605239,12749
2008.0,12789V605108,11687
2009.0,48146B618224,393
2010.0,48146B618224,411
2011.0,48146B618224,516
2012.0,48146B618224,518
2013.0,48146B618224,504
2014.0,48146B618224,538
2015.0,48146B618224,532
2016.0,48146B618224,598
2017.0,48146B618224,580
2018.0,48146B618224,713
2019.0,48146B618224,722
2020.0,48146B618224,1085
2021.0,48146B618224,970
2022.0,48146B618224,1021
2023.0,48146B618224,963
2024.0,48146B618224,1217
1990.0,39750V625530,29614
1991.0,39750V625530,29967
2003.0,60265V625278,6867
2004.0,60265V625278,6151
2005.0,60265V625278,6331
2006.0,60265V625278,6420
2004.0,42512V625215,79212
2005.0,42512V625215,80573
2006.0,42512V625215,82356
2007.0,42512V625215,84920
2008.0,42512V625215,84728
2009.0,42512V625215,83065
2010.0,42512V625215,84229
2011.0,42512V625215,84948
2012.0,42512V625215,85632
2013.0,42512V625215,87085
1994.0,98274V604495,10164
1995.0,98274V604495,11049
1996.0,98274V604495,10903
1997.0,98274V604495,11151
1998.0,98274V604495,11713
1999.0,98274V604495,11515
2000.0,98274V604495,10077
2002.0,98274V604495,10750
2003.0,98274V604495,10878
2005.0,98274V604495,10876
2006.0,98274V604495,11338
2007.0,98274V604495,11286
2008.0,98274V604495,11174
2009.0,98274V604495,11368
2010.0,98274V604495,11168
2011.0,98274V604495,11304
2004.0,39486V625280,6220
2005.0,39486V625280,6311
2006.0,39486V625280,6366
2016.0,45557V625215,44605
2017.0,45557V625215,45742
2018.0,45557V625215,45031
2019.0,45557V625215,44374
2020.0,45557V625215,39319
2021.0,45557V625215,41211
2022.0,45557V625215,45966
2023.0,45557V625215,46114
2024.0,45557V625215,46300
1995.0,40144V625646,30696
1996.0,40144V625646,32850
1997.0,40144V625646,32897
1998.0,40144V625646,37299
1999.0,40144V625646,40723
2000.0,40144V625646,34461
2003.0,40144V625646,10591
2017.0,06809V625280,6020
2018.0,06809V625280,5865
2019.0,06809V625280,6138
2020.0,06809V625280,6227
2021.0,06809V625280,6381
2022.0,06809V625280,6653
2023.0,06809V625280,6370
2024.0,06809V625280,6635
2016.0,16477V625646,25856
2017.0,16477V625646,25411
2018.0,16477V625646,24685
2019.0,16477V625646,24327
2020.0,16477V625646,23117
2021.0,16477V625646,23477
2022.0,16477V625646,25109
2023.0,16477V625646,24525
2024.0,16477V625646,23469
2017.0,88187V625613,16112
2018.0,88187V625613,16123
2019.0,88187V625613,16215
2020.0,88187V625613,16051
2021.0,88187V625613,16056
2022.0,88187V625613,16601
2023.0,88187V625613,16655
2024.0,88187V625613,16751
2020.0,37530V625530,26004
2021.0,37530V625530,26408
2022.0,37530V625530,27982
2023.0,37530V625530,28533
2024.0,37530V625530,28249
2003.0,14065V625367,42996
2005.0,14065V625367,42707
2007.0,14065V625367,43105
2008.0,14065V625367,42163
2009.0,14065V625367,41303
2011.0,14065V625367,45189
1989.0,51029V625643,9400
1990.0,51029V625643,8046
1991.0,51029V625643,7628
1992.0,51029V625643,7587
1993.0,51029V625643,5628
1994.0,51029V625643,6889
2015.0,51029V625643,68800
2016.0,51029V625643,10493
2017.0,51029V625643,10466
2018.0,51029V625643,10081
2019.0,51029V625643,9959
2020.0,51029V625643,9924
2021.0,51029V625643,10121
2022.0,51029V625643,10276
2023.0,51029V625643,10277
2024.0,51029V625643,9872
2015.0,31290V625405,51851
2016.0,31290V625405,49104
2017.0,31290V625405,52231
2018.0,31290V625405,52711
2019.0,31290V625405,50956
2020.0,31290V625405,51390
2021.0,31290V625405,51333
2022.0,31290V625405,50828
2023.0,31290V625405,53440
2024.0,31290V625405,50135
2015.0,47635V625643,7121
2016.0,47635V625643,7029
2017.0,47635V625643,7329
2018.0,47635V625643,6962
2019.0,47635V625643,5530
2020.0,47635V625643,5892
2021.0,47635V625643,6465
2022.0,47635V625643,6849
2023.0,47635V625643,6603
2024.0,47635V625643,6359
2019.0,80890V625375,5591
2020.0,80890V625375,5443
2021.0,80890V625375,5489
2022.0,80890V625375,5347
2023.0,80890V625375,5317
2024.0,80890V625375,5597
2019.0,11462V625377,1602
2020.0,11462V625377,1573
2021.0,11462V625377,1658
2022.0,11462V625377,1744
2023.0,11462V625377,1800
2024.0,11462V625377,1769
2019.0,20927V625367,11755
2020.0,20927V625367,11546
2021.0,20927V625367,11759
2022.0,20927V625367,11961
2023.0,20927V625367,11756
2024.0,20927V625367,11574
2019.0,20937V625367,12037
2020.0,20937V625367,11758
2021.0,20937V625367,12092
2022.0,20937V625367,12182
2023.0,20937V625367,12281
2024.0,20937V625367,12059
1994.0,32306V605375,12999
1997.0,32306V605375,16621
2002.0,32306V605375,5086
2004.0,32306V605375,5057
2005.0,32306V605375,6710
2006.0,32306V605375,5928
1990.0,39611V604510,10797
1997.0,39611V604510,10894
2002.0,39611V604510,11030
2005.0,39611V604510,11929
2006.0,39611V604510,10738
2010.0,39611V604510,8731
2017.0,09312B624437,27
2018.0,09312B624437,367
2019.0,09312B624437,357
2020.0,09312B624437,434
2021.0,09312B624437,267
2022.0,09312B624437,365
2023.0,09312B624437,363
2024.0,09312B624437,454
2016.0,99000V625405,28115
2017.0,99000V625405,37476
2018.0,99000V625405,37099
2016.0,88690B2639744,659
2017.0,88690B2639744,796
2018.0,88690B2639744,931
2019.0,88690B2639744,947
2020.0,88690B2639744,1178
2021.0,88690B2639744,1018
2022.0,88690B2639744,876
2023.0,88690B2639744,1012
2024.0,88690B2639744,1149
2015.0,77883V625445,7367
2016.0,77883V625445,7060
2017.0,77883V625445,6940
2018.0,77883V625445,6634
2019.0,77883V625445,6706
2020.0,77883V625445,6560
2021.0,77883V625445,6841
2022.0,77883V625445,7203
2023.0,77883V625445,7104
2024.0,77883V625445,7026
2015.0,82177V625405,44942
2016.0,82177V625405,42690
2017.0,82177V625405,45308
2018.0,82177V625405,45394
2019.0,82177V625405,45557
2020.0,82177V625405,46797
2021.0,82177V625405,46937
2022.0,82177V625405,46143
2023.0,82177V625405,49208
2024.0,82177V625405,45044
2015.0,41275V625443,7264
2016.0,41275V625443,6969
2017.0,41275V625443,6916
2018.0,41275V625443,6595
2019.0,41275V625443,6676
2020.0,41275V625443,6584
2021.0,41275V625443,6905
2022.0,41275V625443,7143
2023.0,41275V625443,7016
2024.0,41275V625443,7032
1989.0,84797V625405,5707
1994.0,84797V625405,1918
1996.0,84797V625405,2427
1997.0,84797V625405,2227
2019.0,17839V604335,8568
2020.0,17839V604335,8327
2021.0,17839V604335,8174
2022.0,17839V604335,8175
2023.0,17839V604335,8594
2024.0,17839V604335,8428
2001.0,68539V625646,39253
2017.0,68539V625646,25640
2018.0,68539V625646,25118
2019.0,68539V625646,25044
2022.0,68539V625646,25459
2023.0,68539V625646,25617
2024.0,68539V625646,26214
1993.0,79854V625215,26733
1994.0,79854V625215,28290
1995.0,79854V625215,29541
1996.0,79854V625215,31132
1997.0,79854V625215,33368
1998.0,79854V625215,36275
1999.0,79854V625215,31373
2000.0,79854V625215,38143
2001.0,79854V625215,39067
2002.0,79854V625215,40145
2003.0,79854V625215,40484
2004.0,79854V625215,41686
2005.0,79854V625215,43302
2006.0,79854V625215,43968
2007.0,79854V625215,45663
2008.0,79854V625215,46151
2009.0,79854V625215,45302
2010.0,79854V625215,46238
2011.0,79854V625215,47667
2012.0,79854V625215,48638
2013.0,79854V625215,48844
2014.0,79854V625215,48608
2015.0,79854V625215,49123
2016.0,79854V625215,49906
2017.0,79854V625215,51161
2018.0,79854V625215,49870
2019.0,79854V625215,48076
2020.0,79854V625215,41808
2021.0,79854V625215,44216
2022.0,79854V625215,51339
2023.0,79854V625215,50487
2024.0,79854V625215,51857
2004.0,23568V444232,89856
2005.0,23568V444232,80579
2006.0,23568V444232,89893
2007.0,23568V444232,92709
2008.0,23568V444232,92821
2009.0,23568V444232,90033
2010.0,23568V444232,89573
2011.0,23568V444232,88851
2012.0,23568V444232,89955
2013.0,23568V444232,89803
2014.0,23568V444232,88868
2015.0,23568V444232,89465
2016.0,23568V444232,90533
2017.0,23568V444232,90503
2018.0,23568V444232,89089
2019.0,23568V444232,89302
2020.0,23568V444232,84693
2021.0,23568V444232,84502
2010.0,48300V443646,16260
2011.0,48300V443646,17228
2012.0,48300V443646,18529
2014.0,48300V443646,20598
2015.0,48300V443646,22209
2016.0,48300V443646,21789
2017.0,48300V443646,23369
2018.0,48300V443646,23985
2019.0,48300V443646,23318
2020.0,48300V443646,23129
2021.0,48300V443646,21832
2022.0,48300V443646,22637
2023.0,48300V443646,22401
2024.0,48300V443646,21776
2021.0,59545V443802,3684
1992.0,15016V444232,77421
1993.0,15016V444232,80308
1995.0,15016V444232,78020
1996.0,15016V444232,85375
1997.0,15016V444232,87468
1998.0,15016V444232,90135
1999.0,15016V444232,85982
2000.0,15016V444232,86307
2001.0,15016V444232,85392
2002.0,15016V444232,86240
2003.0,15016V444232,87512
2004.0,15016V444232,87149
2005.0,15016V444232,88770
2006.0,15016V444232,87772
2007.0,15016V444232,90810
2008.0,15016V444232,91799
2009.0,15016V444232,89251
2010.0,15016V444232,87998
2011.0,15016V444232,88529
2012.0,15016V444232,88816
2013.0,15016V444232,87987
2014.0,15016V444232,88271
2015.0,15016V444232,88306
2016.0,15016V444232,86702
2017.0,15016V444232,89614
2018.0,15016V444232,73692
2019.0,15016V444232,88066
2020.0,15016V444232,84327
2021.0,15016V444232,81186
2021.0,06005V443804,5991
2022.0,06005V443804,7149
2023.0,06005V443804,7708
2024.0,06005V443804,7682
2016.0,37830V443804,5472
2017.0,37830V443804,5398
2018.0,37830V443804,5800
2019.0,37830V443804,6138
2020.0,37830V443804,4862
2021.0,37830V443804,6384
2022.0,37830V443804,5669
2023.0,37830V443804,5796
2024.0,37830V443804,5766
2016.0,71081V443831,8705
2017.0,71081V443831,8916
2018.0,71081V443831,8626
2019.0,71081V443831,8590
2020.0,71081V443831,7413
2021.0,71081V443831,7067
2022.0,71081V443831,7104
2023.0,71081V443831,7446
2024.0,71081V443831,7593
2016.0,99246V443317,77268
2017.0,99246V443317,335
2018.0,99246V443317,302
2019.0,99246V443317,277
2020.0,99246V443317,266
2021.0,99246V443317,267
2022.0,99246V443317,283
2023.0,99246V443317,321
2024.0,99246V443317,366
2016.0,71728V443308,5968
2017.0,71728V443308,5658
2018.0,71728V443308,5341
2019.0,71728V443308,5215
2020.0,71728V443308,4491
2021.0,71728V443308,4794
2022.0,71728V443308,5471
2023.0,71728V443308,5046
2024.0,71728V443308,5757
2016.0,04925V444232,64427
2017.0,04925V444232,64926
2018.0,04925V444232,60899
2019.0,04925V444232,60543
2020.0,04925V444232,54622
2021.0,04925V444232,57130
2022.0,04925V444232,60758
2023.0,04925V444232,56158
2024.0,04925V444232,58018
2016.0,74031V1857387,6532
2017.0,74031V1857387,6331
2018.0,74031V1857387,5988
2019.0,74031V1857387,5845
2020.0,74031V1857387,4679
2021.0,74031V1857387,4737
2022.0,74031V1857387,5451
2023.0,74031V1857387,5369
2024.0,74031V1857387,5555
2013.0,99999V444329,3114
2016.0,99999V444329,2587
2017.0,99999V444329,2485
2018.0,99999V444329,2400
2019.0,99999V444329,2363
2020.0,99999V444329,1909
2021.0,99999V444329,1765
2022.0,99999V444329,2163
2023.0,99999V444329,2123
2024.0,99999V444329,2226
1993.0,00532V444232,77361
1994.0,00532V444232,68477
1995.0,00532V444232,77255
1996.0,00532V444232,74824
1997.0,00532V444232,88202
1998.0,00532V444232,85368
1999.0,00532V444232,78844
2001.0,00532V444232,74012
2004.0,00532V444232,39356
2005.0,00532V444232,39505
2006.0,00532V444232,38595
2018.0,55912B613537,5913
2019.0,55912B613537,1010
2020.0,55912B613537,1116
2021.0,55912B613537,846
2022.0,55912B613537,321
2024.0,55912B613537,1508
1995.0,51938V443842,6235
1996.0,51938V443842,7280
1997.0,51938V443842,7391
1998.0,51938V443842,7564
1999.0,51938V443842,7368
2000.0,51938V443842,6425
2001.0,51938V443842,6616
2002.0,51938V443842,6450
2003.0,51938V443842,5882
2004.0,51938V443842,6053
2005.0,51938V443842,6493
2016.0,51938V443842,8815
2017.0,51938V443842,8638
2018.0,51938V443842,7426
2019.0,51938V443842,7380
2020.0,51938V443842,5929
2021.0,51938V443842,5797
2022.0,51938V443842,6528
2023.0,51938V443842,6586
2018.0,87161V2659404,15278
2019.0,87161V2659404,15027
2020.0,87161V2659404,15588
2021.0,87161V2659404,15296
2022.0,87161V2659404,15025
2023.0,87161V2659404,15573
2024.0,87161V2659404,14656
2017.0,13658V2659403,13445
2018.0,13658V2659403,14470
2019.0,13658V2659403,14537
2020.0,13658V2659403,15113
2021.0,13658V2659403,14700
2022.0,13658V2659403,14456
2023.0,13658V2659403,15616
2024.0,13658V2659403,13663
1993.0,86203V625294,74107
1994.0,86203V625294,37755
2006.0,04720V625497,10035
2007.0,04720V625497,11505
2008.0,04720V625497,11244
2009.0,04720V625497,10446
2023.0,63085V444330,2965
2010.0,75597V444330,2705
2011.0,75597V444330,2560
2012.0,75597V444330,2289
2013.0,75597V444330,2601
2014.0,75597V444330,2757
2015.0,75597V444330,2687
2016.0,75597V444330,2747
2017.0,75597V444330,3005
2018.0,75597V444330,2910
2019.0,75597V444330,2929
1994.0,79755V625294,84696
1995.0,79755V625294,85594
1996.0,79755V625294,90560
1997.0,79755V625294,96345
1998.0,79755V625294,92164
1999.0,79755V625294,85579
2000.0,79755V625294,68215
2001.0,79755V625294,82315
2002.0,79755V625294,83134
2004.0,79755V625294,86515
2005.0,79755V625294,88273
2006.0,79755V625294,86355
2007.0,79755V625294,87655
2008.0,79755V625294,87545
2009.0,79755V625294,83161
2010.0,79755V625294,82148
2011.0,79755V625294,83300
2012.0,79755V625294,84742
2013.0,79755V625294,84492
2014.0,79755V625294,82844
2015.0,79755V625294,87287
2016.0,79755V625294,87194
2017.0,79755V625294,85798
2018.0,79755V625294,80379
2019.0,79755V625294,81233
2020.0,79755V625294,71925
2021.0,79755V625294,74162
2022.0,79755V625294,81411
2023.0,79755V625294,75344
2024.0,79755V625294,79241
2023.0,63648V443839,9410
2024.0,63648V443839,9622
2017.0,18934V625464,1592
2018.0,18934V625464,1723
2019.0,18934V625464,1953
2020.0,18934V625464,1842
2021.0,18934V625464,1988
2022.0,18934V625464,2183
2023.0,18934V625464,2372
2024.0,18934V625464,2365
2017.0,81446V625466,1434
2018.0,81446V625466,1692
2019.0,81446V625466,1842
2020.0,81446V625466,1808
2021.0,81446V625466,1607
2022.0,81446V625466,1842
2023.0,81446V625466,1902
2024.0,81446V625466,1787
2023.0,89395V444330,4082
2017.0,31429V2791530,1658
2018.0,31429V2791530,1756
2019.0,31429V2791530,1943
2020.0,31429V2791530,1786
2021.0,31429V2791530,1858
2022.0,31429V2791530,2039
2023.0,31429V2791530,2139
2024.0,31429V2791530,2182
2017.0,62500V2791531,1427
2018.0,62500V2791531,1579
2019.0,62500V2791531,1729
2020.0,62500V2791531,1700
2021.0,62500V2791531,1496
2022.0,62500V2791531,1715
2023.0,62500V2791531,1772
2024.0,62500V2791531,1755
1992.0,90390V443603,10340
1993.0,90390V443603,8069
1994.0,90390V443603,7525
1996.0,90390V443603,9034
1997.0,90390V443603,8883
1998.0,90390V443603,8848
2002.0,90390V443603,9585
2008.0,90390V443603,10406
2010.0,90390V443603,8558
2015.0,90390V443603,9368
2016.0,90390V443603,8982
2017.0,90390V443603,9176
2018.0,90390V443603,8959
2019.0,90390V443603,8997
2020.0,90390V443603,8122
2021.0,90390V443603,8302
2022.0,90390V443603,8956
2023.0,90390V443603,9593
2024.0,90390V443603,10158
2022.0,49849V443603,7558
2024.0,49849V443603,9911
2022.0,26837V443839,9305
2024.0,64369V443851,6025
2022.0,18235V443839,9110
2023.0,18235V443839,7420
2005.0,20396V625498,24672
2006.0,20396V625498,24301
2007.0,20396V625498,24211
2008.0,20396V625498,24284
2009.0,20396V625498,22759
2010.0,20396V625498,22750
2011.0,20396V625498,22316
2012.0,20396V625498,19680
2019.0,25348V625498,22695
2020.0,25348V625498,21251
2021.0,25348V625498,20255
2022.0,25348V625498,21148
2023.0,25348V625498,21506
2024.0,25348V625498,21951
2022.0,41897B2193313,362
2023.0,41897B2193313,276
2024.0,41897B2193313,306
2004.0,99999V625498,12649
1989.0,00492V443603,16050
1990.0,00492V443603,15133
1991.0,00492V443603,15332
1992.0,00492V443603,14758
1993.0,00492V443603,12180
1994.0,00492V443603,10525
1995.0,00492V443603,11521
1996.0,00492V443603,11715
1997.0,00492V443603,12272
1998.0,00492V443603,12492
1999.0,00492V443603,12916
2000.0,00492V443603,12069
2001.0,00492V443603,12934
2002.0,00492V443603,12390
2003.0,00492V443603,12108
2004.0,00492V443603,14073
2005.0,00492V443603,11837
2006.0,00492V443603,11035
2007.0,00492V443603,13443
2008.0,00492V443603,14025
2009.0,00492V443603,12135
2010.0,00492V443603,11210
2011.0,00492V443603,10894
2012.0,00492V443603,9635
2015.0,00492V443603,11034
2016.0,00492V443603,11090
2017.0,00492V443603,10986
2018.0,00492V443603,10621
2019.0,00492V443603,10698
2020.0,00492V443603,10277
2021.0,00492V443603,10271
2022.0,00492V443603,10796
2023.0,00492V443603,11574
2024.0,00492V443603,12366
1986.0,24312V443603,11268
1987.0,24312V443603,11671
1988.0,24312V443603,11303
1989.0,24312V443603,11946
1991.0,24312V443603,9355
1996.0,24312V443603,8387
2000.0,24312V443603,8471
2005.0,24312V443603,10294
2007.0,24312V443603,9683
2019.0,30017V625457,1686
2020.0,30017V625457,1817
2021.0,30017V625457,1875
2022.0,30017V625457,1883
2023.0,30017V625457,2046
2024.0,30017V625457,1955
2019.0,51716V625406,40088
2020.0,51716V625406,44794
2021.0,51716V625406,44252
2022.0,51716V625406,44024
2023.0,51716V625406,46286
2024.0,51716V625406,43817
2019.0,76587V3152664,207
2020.0,76587V3152664,218
2021.0,76587V3152664,252
2022.0,76587V3152664,298
2023.0,76587V3152664,300
2024.0,76587V3152664,260
2023.0,55759V443850,3190
2023.0,78601V443850,8118
2023.0,24310V443852,3956
2023.0,28598V443848,5857
1997.0,47719V443837,4181
1998.0,47719V443837,3979
1999.0,47719V443837,3735
2000.0,47719V443837,3729
2001.0,47719V443837,3888
2002.0,47719V443837,4004
2003.0,47719V443837,4081
2004.0,47719V443837,4164
2005.0,47719V443837,4258
2006.0,47719V443837,4145
2007.0,47719V443837,4267
2008.0,47719V443837,4180
2009.0,47719V443837,4054
2010.0,47719V443837,4072
2011.0,47719V443837,4134
2012.0,47719V443837,4190
2013.0,47719V443837,4114
2016.0,47719V443837,3924
2017.0,47719V443837,3895
2018.0,47719V443837,3689
2019.0,47719V443837,3907
2020.0,47719V443837,4128
2021.0,47719V443837,4349
2022.0,47719V443837,4405
2023.0,47719V443837,4314
2024.0,47719V443837,4523
2001.0,49110V625582,18380
2002.0,49110V625582,18517
2003.0,49110V625582,15662
2004.0,49110V625582,15765
2005.0,49110V625582,15803
2006.0,49110V625582,15487
2007.0,49110V625582,15297
2008.0,49110V625582,15052
2009.0,49110V625582,14915
2010.0,49110V625582,15676
2019.0,71429B1934899,74
2020.0,71429B1934899,238
2021.0,71429B1934899,182
2022.0,71429B1934899,174
2023.0,71429B1934899,153
2024.0,71429B1934899,167
1989.0,99524V625582,14311
1989.0,00222V444290,15508
1991.0,00222V444290,15297
1992.0,00222V444290,14826
1993.0,00222V444290,13909
1994.0,00222V444290,13027
1995.0,00222V444290,12880
1996.0,00222V444290,14089
1997.0,00222V444290,14302
1998.0,00222V444290,14027
1999.0,00222V444290,14470
2000.0,00222V444290,14388
2001.0,00222V444290,15048
2002.0,00222V444290,14065
2004.0,00222V444290,14295
2005.0,00222V444290,14576
2006.0,00222V444290,14984
2007.0,00222V444290,14830
2008.0,00222V444290,14352
2009.0,00222V444290,13764
2010.0,00222V444290,13633
2011.0,00222V444290,13088
2012.0,00222V444290,12481
2013.0,00222V444290,12634
2014.0,00222V444290,12375
2015.0,00222V444290,13188
2016.0,00222V444290,12336
2017.0,00222V444290,11961
2018.0,00222V444290,11154
2019.0,00222V444290,10941
2020.0,00222V444290,10706
2021.0,00222V444290,10648
2022.0,00222V444290,10913
2023.0,00222V444290,10553
2024.0,00222V444290,8208
